"","uri","nome","idLegislaturaInicial","idLegislaturaFinal","nomeCivil","cpf","siglaSexo","urlRedeSocial","urlWebsite","dataNascimento","dataFalecimento","ufNascimento","municipioNascimento"
"1","https://dadosabertos.camara.leg.br/api/v2/deputados/62881","Danilo Forte",54,56,"FRANCISCO DANILO BASTOS FORTE",NA,"M",NA,NA,1958-09-01,NA,"CE","Fortaleza"
"2","https://dadosabertos.camara.leg.br/api/v2/deputados/66179","Norma Ayub",55,56,"NORMA AYUB ALVES",NA,"F",NA,NA,1959-09-07,NA,"ES","Vitória"
"3","https://dadosabertos.camara.leg.br/api/v2/deputados/66828","Fausto Pinato",55,56,"FAUSTO RUY PINATO",NA,"M",NA,NA,1977-06-01,NA,"SP","Fernandópolis"
"4","https://dadosabertos.camara.leg.br/api/v2/deputados/67138","Iracema Portella",54,56,"IRACEMA MARIA PORTELLA NUNES NOGUEIRA LIMA",NA,"F",NA,NA,1966-04-23,NA,"PI","Teresina"
"5","https://dadosabertos.camara.leg.br/api/v2/deputados/68720","Fábio Henrique",56,56,"FABIO HENRIQUE SANTANA DE CARVALHO",NA,"M",NA,NA,1972-06-19,NA,"SE","Simão Dias"
"6","https://dadosabertos.camara.leg.br/api/v2/deputados/69871","Bacelar",55,56,"JOAO CARLOS BACELAR BATISTA",NA,"M",NA,NA,1957-07-09,NA,"BA","Esplanada"
"7","https://dadosabertos.camara.leg.br/api/v2/deputados/72442","Felipe Carreras",55,56,"FELIPE AUGUSTO LYRA CARRERAS",NA,"M",NA,NA,1975-04-16,NA,"PE","Recife"
"8","https://dadosabertos.camara.leg.br/api/v2/deputados/73433","Arlindo Chinaglia",50,56,"ARLINDO CHIGNALIA JUNIOR",NA,"M",NA,NA,1949-12-24,NA,"SP","Serra Azul"
"9","https://dadosabertos.camara.leg.br/api/v2/deputados/73441","Celso Russomanno",50,56,"CELSO UBIRAJARA RUSSOMANNO",NA,"M",NA,NA,1956-08-20,NA,"SP","São Paulo"
"10","https://dadosabertos.camara.leg.br/api/v2/deputados/73460","Gustavo Fruet",51,56,"GUSTAVO BONATO FRUET",NA,"M",NA,NA,1963-04-18,NA,"PR","Curitiba"
"11","https://dadosabertos.camara.leg.br/api/v2/deputados/73466","Rubens Bueno",49,56,"RUBENS BUENO",NA,"M",NA,NA,1948-05-23,NA,"PR","Sertanópolis"
"12","https://dadosabertos.camara.leg.br/api/v2/deputados/73482","Henrique Fontana",51,56,"HENRIQUE FONTANA JÚNIOR",NA,"M",NA,NA,1960-01-18,NA,"RS","Porto Alegre"
"13","https://dadosabertos.camara.leg.br/api/v2/deputados/73486","Pompeo de Mattos",51,56,"DARCI POMPEO DE MATTOS",NA,"M",NA,NA,1958-07-12,NA,"RS","Santo Augusto"
"14","https://dadosabertos.camara.leg.br/api/v2/deputados/73531","Ivan Valente",50,56,"IVAN VALENTE",NA,"M",NA,NA,1946-07-05,NA,"SP","São Paulo"
"15","https://dadosabertos.camara.leg.br/api/v2/deputados/73586","Júlio Delgado",51,56,"JÚLIO CÉSAR DELGADO",NA,"M",NA,NA,1966-11-18,NA,"MG","Juiz de Fora"
"16","https://dadosabertos.camara.leg.br/api/v2/deputados/73604","Rui Falcão",51,56,"RUI GOETHE DA COSTA FALCÃO",NA,"M",NA,NA,1943-11-26,NA,"MG","Pitangui"
"17","https://dadosabertos.camara.leg.br/api/v2/deputados/73674","ROBERTO BALESTRA",48,56,"ROBERTO EGÍDIO BALESTRA",NA,"M",NA,NA,1944-05-24,NA,"GO","Inhumas"
"18","https://dadosabertos.camara.leg.br/api/v2/deputados/73692","Osmar Terra",51,56,"OSMAR GASPARINI TERRA",NA,"M",NA,NA,1950-02-18,NA,"RS","Porto Alegre"
"19","https://dadosabertos.camara.leg.br/api/v2/deputados/73696","Angela Amin",49,56,"ANGELA REGINA HEINZEN AMIN HELOU",NA,"F",NA,NA,1953-12-20,NA,"SC","Indaial"
"20","https://dadosabertos.camara.leg.br/api/v2/deputados/73701","Benedita da Silva",48,56,"BENEDITA SOUZA DA SILVA SAMPAIO",NA,"F",NA,NA,1942-04-26,NA,"RJ","Rio de Janeiro"
"21","https://dadosabertos.camara.leg.br/api/v2/deputados/73772","Hermes Parcianello",50,56,"HERMES PARCIANELLO",NA,"M",NA,NA,1958-04-25,NA,"PR","Goioerê"
"22","https://dadosabertos.camara.leg.br/api/v2/deputados/73788","Ricardo Barros",50,56,"RICARDO JOSÉ MAGALHÃES BARROS",NA,"M",NA,NA,1959-11-15,NA,"PR","Maringá"
"23","https://dadosabertos.camara.leg.br/api/v2/deputados/73801","Renildo Calheiros",49,56,"RENILDO VASCONCELOS CALHEIROS",NA,"M",NA,NA,1959-04-20,NA,"AL","Murici"
"24","https://dadosabertos.camara.leg.br/api/v2/deputados/73808","Sérgio Brito",48,56,"SÉRGIO LUÍS LACERDA BRITO",NA,"M",NA,NA,1961-06-08,NA,"BA","Vitória da Conquista"
"25","https://dadosabertos.camara.leg.br/api/v2/deputados/73891","Darcísio Perondi",50,56,"DARCÍSIO PAULO PERONDI",NA,"M",NA,NA,1947-04-02,NA,"RS","Ijuí"
"26","https://dadosabertos.camara.leg.br/api/v2/deputados/73943","Perpétua Almeida",52,56,"MARIA PERPÉTUA DE ALMEIDA",NA,"F",NA,NA,1964-12-28,NA,"AC","Porto Walter"
"27","https://dadosabertos.camara.leg.br/api/v2/deputados/74010","VALDIR COLATTO",48,56,"VALDIR COLATTO",NA,"M",NA,NA,1949-10-15,NA,"RS","Lagoa Vermelha"
"28","https://dadosabertos.camara.leg.br/api/v2/deputados/74043","Wellington Roberto",52,56,"JOSÉ WELLINGTON ROBERTO",NA,"M",NA,NA,1959-05-19,NA,"PB","São José de Piranhas"
"29","https://dadosabertos.camara.leg.br/api/v2/deputados/74044","Wilson Santiago",52,56,"JOSÉ WILSON SANTIAGO",NA,"M",NA,NA,1957-06-10,NA,"PB","Uiraúna"
"30","https://dadosabertos.camara.leg.br/api/v2/deputados/74052","Bosco Costa",52,56,"JOÃO BOSCO DA COSTA",NA,"M",NA,NA,1950-09-28,NA,"SE","Itabaiana"
"31","https://dadosabertos.camara.leg.br/api/v2/deputados/74057","Alice Portugal",52,56,"ALICE MAZZUCO PORTUGAL",NA,"F",NA,NA,1959-05-16,NA,"BA","Salvador"
"32","https://dadosabertos.camara.leg.br/api/v2/deputados/74060","Daniel Almeida",52,56,"DANIEL GOMES DE ALMEIDA",NA,"M",NA,NA,1955-01-21,NA,"BA","Mairi"
"33","https://dadosabertos.camara.leg.br/api/v2/deputados/74075","Elcione Barbalho",50,56,"ELCIONE THEREZINHA ZAHLUTH BARBALHO",NA,"F",NA,NA,1944-10-05,NA,"PA","Belém"
"34","https://dadosabertos.camara.leg.br/api/v2/deputados/74079","José Priante",50,56,"JOSÉ BENITO PRIANTE JÚNIOR",NA,"M",NA,NA,1963-12-02,NA,"PA","Belém"
"35","https://dadosabertos.camara.leg.br/api/v2/deputados/74090","Átila Lins",49,56,"ÁTILA SIDNEY LINS ALBUQUERQUE",NA,"M",NA,NA,1950-11-22,NA,"AM","Fonte Boa"
"36","https://dadosabertos.camara.leg.br/api/v2/deputados/74141","Josias Gomes",52,56,"JOSIAS GOMES DA SILVA",NA,"M",NA,NA,1956-10-14,NA,"PE","Amaraji"
"37","https://dadosabertos.camara.leg.br/api/v2/deputados/74156","Leonardo Monteiro",52,56,"JOSÉ LEONARDO COSTA MONTEIRO",NA,"M",NA,NA,1951-10-09,NA,"MG","Governador Valadares"
"38","https://dadosabertos.camara.leg.br/api/v2/deputados/74158","Mário Heringer",52,56,"MÁRIO LÚCIO HERINGER",NA,"M",NA,NA,1954-09-30,NA,"MG","Manhumirim"
"39","https://dadosabertos.camara.leg.br/api/v2/deputados/74159","Odair Cunha",52,56,"ODAIR JOSÉ DA CUNHA",NA,"M",NA,NA,1976-06-18,NA,"SP","Piedade"
"40","https://dadosabertos.camara.leg.br/api/v2/deputados/74160","Patrus Ananias",52,56,"PATRUS ANANIAS DE SOUSA",NA,"M",NA,NA,1952-01-26,NA,"MG","Bocaiúva"
"41","https://dadosabertos.camara.leg.br/api/v2/deputados/74161","Reginaldo Lopes",52,56,"REGINALDO LÁZARO DE OLIVEIRA LOPES",NA,"M",NA,NA,1973-04-02,NA,"MG","Bom Sucesso"
"42","https://dadosabertos.camara.leg.br/api/v2/deputados/74165","Neucimar Fraga",52,56,"NEUCIMAR FERREIRA FRAGA",NA,"M",NA,NA,1966-06-26,NA,"BA","Itanhém"
"43","https://dadosabertos.camara.leg.br/api/v2/deputados/74200","Gastão Vieira",50,56,"GASTÃO DIAS VIEIRA",NA,"M",NA,NA,1946-06-15,NA,"MA","São Luís"
"44","https://dadosabertos.camara.leg.br/api/v2/deputados/74212","Aníbal Gomes",50,56,"ANÍBAL FERREIRA GOMES",NA,"M",NA,NA,1953-06-07,NA,"RJ","Rio de Janeiro"
"45","https://dadosabertos.camara.leg.br/api/v2/deputados/74262","Carlos Sampaio",52,56,"CARLOS HENRIQUE FOCESI SAMPAIO",NA,"M",NA,NA,1963-03-31,NA,"SP","Campinas"
"46","https://dadosabertos.camara.leg.br/api/v2/deputados/74270","Gilberto Nascimento",52,56,"GILBERTO NASCIMENTO SILVA",NA,"M",NA,NA,1956-07-09,NA,"SP","São Paulo"
"47","https://dadosabertos.camara.leg.br/api/v2/deputados/74273","Jefferson Campos",52,56,"JEFFERSON ALVES DE CAMPOS",NA,"M",NA,NA,1964-10-26,NA,"SP","Ourinhos"
"48","https://dadosabertos.camara.leg.br/api/v2/deputados/74283","Vicentinho",52,56,"VICENTE PAULO DA SILVA",NA,"M",NA,NA,1956-04-08,NA,"RN","Santa Cruz"
"49","https://dadosabertos.camara.leg.br/api/v2/deputados/74299","Leônidas Cristino",50,56,"JOSÉ LEÔNIDAS DE MENEZES CRISTINO",NA,"M",NA,NA,1957-06-03,NA,"CE","Coreaú"
"50","https://dadosabertos.camara.leg.br/api/v2/deputados/74305","Roberto Pessoa",50,56,"ROBERTO SOARES PESSOA",NA,"M",NA,NA,1943-05-21,NA,"CE","Fortaleza"
"51","https://dadosabertos.camara.leg.br/api/v2/deputados/74317","Júlio Cesar",50,56,"JÚLIO CÉSAR DE CARVALHO LIMA",NA,"M",NA,NA,1948-08-25,NA,"PI","Guadalupe"
"52","https://dadosabertos.camara.leg.br/api/v2/deputados/74319","Paes Landim",48,56,"JOSÉ FRANCISCO PAES LANDIM",NA,"M",NA,NA,1937-03-23,NA,"PI","São João do Piauí"
"53","https://dadosabertos.camara.leg.br/api/v2/deputados/74352","Nilson Pinto",51,56,"NILSON PINTO DE OLIVEIRA",NA,"M",NA,NA,1952-03-25,NA,"PA","Belém"
"54","https://dadosabertos.camara.leg.br/api/v2/deputados/74356","Silas Câmara",51,56,"SILAS CÂMARA",NA,"M",NA,NA,1962-12-15,NA,"AC","Rio Branco"
"55","https://dadosabertos.camara.leg.br/api/v2/deputados/74366","João Campos",52,56,"JOÃO CAMPOS DE ARAÚJO",NA,"M",NA,NA,1962-12-28,NA,"TO","Peixe"
"56","https://dadosabertos.camara.leg.br/api/v2/deputados/74371","Rubens Otoni",52,56,"RUBENS OTONI GOMIDE",NA,"M",NA,NA,1956-02-06,NA,"GO","Goianésia"
"57","https://dadosabertos.camara.leg.br/api/v2/deputados/74374","Geraldo Resende",52,56,"GERALDO RESENDE PEREIRA",NA,"M",NA,NA,1955-04-20,NA,"MG","Córrego Danta"
"58","https://dadosabertos.camara.leg.br/api/v2/deputados/74376","Vander Loubet",52,56,"VANDER LUIZ DOS SANTOS LOUBET",NA,"M",NA,NA,1964-01-22,NA,"MS","Porto Murtinho"
"59","https://dadosabertos.camara.leg.br/api/v2/deputados/74383","Giacobo",52,56,"FERNANDO LÚCIO GIACOBO",NA,"M",NA,NA,1970-12-17,NA,"PR","Pato Branco"
"60","https://dadosabertos.camara.leg.br/api/v2/deputados/74398","Maria do Rosário",52,56,"MARIA DO ROSÁRIO NUNES",NA,"F",NA,NA,1966-11-22,NA,"RS","Veranópolis"
"61","https://dadosabertos.camara.leg.br/api/v2/deputados/74399","Onyx Lorenzoni",52,56,"ONYX DORNELLES LORENZONI",NA,"M",NA,NA,1954-10-03,NA,"RS","Porto Alegre"
"62","https://dadosabertos.camara.leg.br/api/v2/deputados/74400","Paulo Pimenta",52,56,"PAULO ROBERTO SEVERO PIMENTA",NA,"M",NA,NA,1965-03-19,NA,"RS","Santa Maria"
"63","https://dadosabertos.camara.leg.br/api/v2/deputados/74419","Gonzaga Patriota",48,56,"LUIZ GONZAGA PATRIOTA",NA,"M",NA,NA,1946-04-26,NA,"PE","Sertânia"
"64","https://dadosabertos.camara.leg.br/api/v2/deputados/74439","Wolney Queiroz",50,56,"WOLNEY QUEIROZ MACIEL",NA,"M",NA,NA,1972-12-12,NA,"PE","Caruaru"
"65","https://dadosabertos.camara.leg.br/api/v2/deputados/74459","Átila Lira",48,56,"ÁTILA FREITAS LIRA",NA,"M",NA,NA,1947-04-07,NA,"PI","Piripiri"
"66","https://dadosabertos.camara.leg.br/api/v2/deputados/74467","Damião Feliciano",51,56,"DAMIÃO FELICIANO DA SILVA",NA,"M",NA,NA,1952-04-28,NA,"PB","Campina Grande"
"67","https://dadosabertos.camara.leg.br/api/v2/deputados/74471","André de Paula",51,56,"ANDRÉ CARLOS ALVES DE PAULA FILHO",NA,"M",NA,NA,1961-07-22,NA,"PE","Recife"
"68","https://dadosabertos.camara.leg.br/api/v2/deputados/74478","Luciano Bivar",51,56,"LUCIANO CALDAS BIVAR",NA,"M",NA,NA,1944-11-29,NA,"PE","Recife"
"69","https://dadosabertos.camara.leg.br/api/v2/deputados/74537","Claudio Cajado",50,56,"CLÁUDIO CAJADO SAMPAIO",NA,"M",NA,NA,1963-12-01,NA,"BA","Salvador"
"70","https://dadosabertos.camara.leg.br/api/v2/deputados/74554","José Rocha",50,56,"JOSÉ ALVES ROCHA",NA,"M",NA,NA,1948-08-18,NA,"BA","Coribe"
"71","https://dadosabertos.camara.leg.br/api/v2/deputados/74571","Nelson Pellegrino",51,56,"NELSON VICENTE PORTELA PELLEGRINO",NA,"M",NA,NA,1960-12-27,NA,"BA","Salvador"
"72","https://dadosabertos.camara.leg.br/api/v2/deputados/74574","Paulo Magalhães",51,56,"PAULO SÉRGIO PARANHOS DE MAGALHÃES",NA,"M",NA,NA,1952-11-28,NA,"BA","Salvador"
"73","https://dadosabertos.camara.leg.br/api/v2/deputados/74585","Lincoln Portela",51,56,"LINCOLN DINIZ PORTELA",NA,"M",NA,NA,1953-11-03,NA,"MG","Belo Horizonte"
"74","https://dadosabertos.camara.leg.br/api/v2/deputados/74646","Aécio Neves",48,56,"AÉCIO NEVES DA CUNHA",NA,"M",NA,NA,1960-03-10,NA,"MG","Belo Horizonte"
"75","https://dadosabertos.camara.leg.br/api/v2/deputados/74655","Eduardo Barbosa",50,56,"EDUARDO LUIZ BARROS BARBOSA",NA,"M",NA,NA,1958-08-25,NA,"MG","Pará de Minas"
"76","https://dadosabertos.camara.leg.br/api/v2/deputados/74693","Rodrigo Maia",51,56,"RODRIGO FELINTO IBARRA EPITÁCIO MAIA",NA,"M",NA,NA,1970-06-12,NA,NA,"Santiago"
"77","https://dadosabertos.camara.leg.br/api/v2/deputados/74749","Mauro Lopes",50,56,"MAURO RIBEIRO LOPES",NA,"M",NA,NA,1936-05-24,NA,"MG","Entre Folhas"
"78","https://dadosabertos.camara.leg.br/api/v2/deputados/74784","Luiza Erundina",51,56,"LUIZA ERUNDINA DE SOUSA",NA,"F",NA,NA,1934-11-30,NA,"PB","Uiraúna"
"79","https://dadosabertos.camara.leg.br/api/v2/deputados/74806","Tadeu Filippelli",51,56,"NELSON TADEU FILIPPELLI",NA,"M",NA,NA,1949-05-11,NA,"SP","Catanduva"
"80","https://dadosabertos.camara.leg.br/api/v2/deputados/74848","Jandira Feghali",49,56,"JANDIRA FEGHALI",NA,"F",NA,NA,1957-05-17,NA,"PR","Curitiba"
"81","https://dadosabertos.camara.leg.br/api/v2/deputados/75431","Maurício Dziedricki",54,56,"MAURÍCIO ALEXANDRE DZIEDRICKI",NA,"M",NA,NA,1979-07-26,NA,"PR","Curitiba"
"82","https://dadosabertos.camara.leg.br/api/v2/deputados/76874","Marcelo Freixo",56,56,"MARCELO RIBEIRO FREIXO",NA,"M",NA,NA,1967-04-12,NA,"RJ","Niterói"
"83","https://dadosabertos.camara.leg.br/api/v2/deputados/81055","Márcio Jerry",56,56,"MÁRCIO JERRY SARAIVA BARROSO",NA,"M",NA,NA,1966-11-14,NA,"MA","Colinas"
"84","https://dadosabertos.camara.leg.br/api/v2/deputados/81297","Dra. Soraya Manato",56,56,"SORAYA DE SOUZA MANNATO",NA,"F",NA,NA,1961-03-10,NA,"ES","Linhares"
"85","https://dadosabertos.camara.leg.br/api/v2/deputados/90201","Pedro Augusto Bezerra",56,56,"PEDRO AUGUSTO GEROMEL BEZERRA DE MENEZES",NA,"M",NA,NA,1980-10-11,NA,"CE","Juazeiro do Norte"
"86","https://dadosabertos.camara.leg.br/api/v2/deputados/90842","Santini",56,56,"RONALDO SANTINI",NA,"M",NA,NA,1973-10-02,NA,"RS","Lagoa Vermelha"
"87","https://dadosabertos.camara.leg.br/api/v2/deputados/92102","Leur Lomanto Júnior",56,56,"LEUR ANTONIO DE BRITTO LOMANTO JUNIOR",NA,"M",NA,NA,1976-10-28,NA,"BA","Salvador"
"88","https://dadosabertos.camara.leg.br/api/v2/deputados/92172","Milton Coelho",56,56,"MILTON COELHO DA SILVA NETO",NA,"M",NA,NA,1964-12-21,NA,"MA","Codó"
"89","https://dadosabertos.camara.leg.br/api/v2/deputados/92346","Eduardo Bolsonaro",55,56,"EDUARDO NANTES BOLSONARO",NA,"M",NA,NA,1984-07-10,NA,"RJ","Rio de Janeiro"
"90","https://dadosabertos.camara.leg.br/api/v2/deputados/92699","Fernando Monteiro",55,56,"FERNANDO MONTEIRO DE ALBUQUERQUE",NA,"M",NA,NA,1976-09-17,NA,"PE","Recife"
"91","https://dadosabertos.camara.leg.br/api/v2/deputados/92776","Stefano Aguiar",54,56,"STEFANO AGUIAR DOS SANTOS",NA,"M",NA,NA,1976-03-03,NA,"MG","Belo Horizonte"
"92","https://dadosabertos.camara.leg.br/api/v2/deputados/93083","Cacá Leão",55,56,"CARLOS FELIPE VAZQUEZ DE SOUZA LEÃO",NA,"M",NA,NA,1979-11-03,NA,"BA","Salvador"
"93","https://dadosabertos.camara.leg.br/api/v2/deputados/98057","Lafayette de Andrada",56,56,"LAFAYETTE LUIZ DOORGAL DE ANDRADA",NA,"M",NA,NA,1966-10-17,NA,"MG","Belo Horizonte"
"94","https://dadosabertos.camara.leg.br/api/v2/deputados/107283","Gleisi Hoffmann",56,56,"GLEISI HELENA HOFFMANN",NA,"F",NA,NA,1965-09-06,NA,"PR","Curitiba"
"95","https://dadosabertos.camara.leg.br/api/v2/deputados/108338","Jaqueline Cassol",56,56,"DIRLAINE JAQUELINE CASSOL",NA,"F",NA,NA,1974-12-03,NA,"SC","São Miguel do Oeste"
"96","https://dadosabertos.camara.leg.br/api/v2/deputados/109429","Benes Leocádio",56,56,"LUIZ BENES LEOCADIO DE ARAUJO",NA,"M",NA,NA,1966-04-22,NA,"RN","Santana do Matos"
"97","https://dadosabertos.camara.leg.br/api/v2/deputados/112437","João Marcelo Souza",55,56,"JOÃO MARCELO SANTOS SOUZA",NA,"M",NA,NA,1973-11-11,NA,"MA","São Luís"
"98","https://dadosabertos.camara.leg.br/api/v2/deputados/115746","Gelson Azevedo",56,56,"GELSON DE AZEVEDO ALMEIDA",NA,"M",NA,NA,1965-01-10,NA,"RJ","Campos dos Goytacazes"
"99","https://dadosabertos.camara.leg.br/api/v2/deputados/116379","Darci de Matos",56,56,"DARCI DE MATOS",NA,"M",NA,NA,1961-11-08,NA,"PR","Cafelândia"
"100","https://dadosabertos.camara.leg.br/api/v2/deputados/121948","Adriano do Baldy",56,56,"ADRIANO ANTÔNIO AVELAR",NA,"M",NA,NA,1969-09-06,NA,"GO","Goiás"
"101","https://dadosabertos.camara.leg.br/api/v2/deputados/122158","Pedro Paulo",54,56,"PEDRO PAULO CARVALHO TEIXEIRA",NA,"M",NA,NA,1972-06-29,NA,"RJ","Rio de Janeiro"
"102","https://dadosabertos.camara.leg.br/api/v2/deputados/122466","Ronaldo Martins",55,56,"RONALDO MANCHADO MARTINS",NA,"M",NA,NA,1978-01-21,NA,"SP","São Paulo"
"103","https://dadosabertos.camara.leg.br/api/v2/deputados/122974","Pedro Lucas Fernandes",56,56,"PEDRO LUCAS ANDRADE FERNANDES RIBEIRO",NA,"M",NA,NA,1979-11-01,NA,"MA","São Luís"
"104","https://dadosabertos.camara.leg.br/api/v2/deputados/128760","Paulo Marinho Jr",54,56,"PAULO CELSO FONSECA MARINHO JÚNIOR",NA,"M",NA,NA,1985-02-09,NA,"MA","Caxias"
"105","https://dadosabertos.camara.leg.br/api/v2/deputados/129618","GORETE PEREIRA",52,56,"MARIA GORETE PEREIRA",NA,"F",NA,NA,1952-04-10,NA,"CE","Juazeiro do Norte"
"106","https://dadosabertos.camara.leg.br/api/v2/deputados/132504","Enio Verri",55,56,"ENIO JOSÉ VERRI",NA,"M",NA,NA,1961-03-27,NA,"PR","Maringá"
"107","https://dadosabertos.camara.leg.br/api/v2/deputados/133439","André Figueiredo",52,56,"ANDRÉ PEIXOTO FIGUEIREDO LIMA",NA,"M",NA,NA,1966-11-10,NA,"CE","Fortaleza"
"108","https://dadosabertos.camara.leg.br/api/v2/deputados/133810","Marcelo Moraes",56,56,"MARCELO PIRES MORAES",NA,"M",NA,NA,1979-08-07,NA,"RS","Porto Alegre"
"109","https://dadosabertos.camara.leg.br/api/v2/deputados/133968","Paulo Ramos",48,56,"Paulo Sérgio Ramos Barboza",NA,"M",NA,NA,1944-10-18,NA,"RJ","Rio de Janeiro"
"110","https://dadosabertos.camara.leg.br/api/v2/deputados/134812","Edmilson Rodrigues",55,56,"EDMILSON BRITO RODRIGUES",NA,"M",NA,NA,1957-05-26,NA,"PA","Belém"
"111","https://dadosabertos.camara.leg.br/api/v2/deputados/135054","Cristiano Vale",56,56,"CRISTIANO DUTRA VALE",NA,"M",NA,NA,1970-04-10,NA,"MG","Manhuaçu"
"112","https://dadosabertos.camara.leg.br/api/v2/deputados/136811","Afonso Hamm",52,56,"JOSÉ ALFONSO EBERT HAMM",NA,"M",NA,NA,1962-04-25,NA,"RS","Hulha Negra"
"113","https://dadosabertos.camara.leg.br/api/v2/deputados/137070","Vicentinho Júnior",55,56,"VICENTE ALVES DE OLIVEIRA JUNIOR",NA,"M",NA,NA,1985-04-11,NA,"GO","Goiânia"
"114","https://dadosabertos.camara.leg.br/api/v2/deputados/139285","Lídice da Mata",48,56,"LÍDICE DA MATA E SOUZA",NA,"F",NA,NA,1956-03-12,NA,"BA","Cachoeira"
"115","https://dadosabertos.camara.leg.br/api/v2/deputados/141335","Beto Faro",52,56,"JOSÉ ROBERTO OLIVEIRA FARO",NA,"M",NA,NA,1969-06-20,NA,"PA","Bujaru"
"116","https://dadosabertos.camara.leg.br/api/v2/deputados/141372","Aelton Freitas",53,56,"AELTON JOSÉ DE FREITAS",NA,"M",NA,NA,1961-12-15,NA,"MG","Iturama"
"117","https://dadosabertos.camara.leg.br/api/v2/deputados/141391","Arnaldo Jardim",53,56,"ARNALDO CALIL PEREIRA JARDIM",NA,"M",NA,NA,1955-05-08,NA,"SP","Altinópolis"
"118","https://dadosabertos.camara.leg.br/api/v2/deputados/141398","Carlos Zarattini",53,56,"CARLOS ALBERTO ROLIM ZARATTINI",NA,"M",NA,NA,1959-06-08,NA,"SP","São Paulo"
"119","https://dadosabertos.camara.leg.br/api/v2/deputados/141401","Carlos Bezerra",46,56,"CARLOS GOMES BEZERRA",NA,"M",NA,NA,1941-11-04,NA,"MT","Chapada dos Guimarães"
"120","https://dadosabertos.camara.leg.br/api/v2/deputados/141405","Celso Maldaner",53,56,"CELSO MALDANER",NA,"M",NA,NA,1953-08-30,NA,"SC","Chapecó"
"121","https://dadosabertos.camara.leg.br/api/v2/deputados/141408","Cleber Verde",53,56,"CLEBER VERDE CORDEIRO MENDES",NA,"M",NA,NA,1972-05-10,NA,"MA","Santa Luzia"
"122","https://dadosabertos.camara.leg.br/api/v2/deputados/141411","Dagoberto Nogueira",53,56,"DAGOBERTO NOGUEIRA FILHO",NA,"M",NA,NA,1955-07-21,NA,"SP","São José do Rio Preto"
"123","https://dadosabertos.camara.leg.br/api/v2/deputados/141417","Edio Lopes",53,56,"ÉDIO VIEIRA LOPES",NA,"M",NA,NA,1952-01-04,NA,"SP","Presidente Epitácio"
"124","https://dadosabertos.camara.leg.br/api/v2/deputados/141421","Eduardo da Fonte",53,56,"EDUARDO HENRIQUE DA FONTE DE ALBUQUERQUE SILVA",NA,"M",NA,NA,1972-10-17,NA,"PE","Recife"
"125","https://dadosabertos.camara.leg.br/api/v2/deputados/141422","Efraim Filho",53,56,"EFRAIM DE ARAÚJO MORAIS FILHO",NA,"M",NA,NA,1979-03-18,NA,"PB","João Pessoa"
"126","https://dadosabertos.camara.leg.br/api/v2/deputados/141427","Fábio Ramalho",53,56,"FÁBIO AUGUSTO RAMALHO DOS SANTOS",NA,"M",NA,NA,1961-12-22,NA,"DF","Brasília"
"127","https://dadosabertos.camara.leg.br/api/v2/deputados/141428","Fábio Faria",53,56,"FÁBIO SALUSTINO MESQUITA DE FARIA",NA,"M",NA,NA,1977-09-01,NA,"RN","Natal"
"128","https://dadosabertos.camara.leg.br/api/v2/deputados/141431","Fernando Coelho Filho",53,56,"FERNANDO BEZERRA DE SOUZA COELHO FILHO",NA,"M",NA,NA,1984-02-28,NA,"PE","Recife"
"129","https://dadosabertos.camara.leg.br/api/v2/deputados/141434","Flaviano Melo",53,56,"FLAVIANO FLÁVIO BAPTISTA DE MELO",NA,"M",NA,NA,1949-11-17,NA,"AC","Rio Branco"
"130","https://dadosabertos.camara.leg.br/api/v2/deputados/141439","Chico D'Angelo",53,56,"FRANCISCO JOSÉ D'ANGELO PINTO",NA,"M",NA,NA,1953-02-11,NA,"RJ","Campos dos Goytacazes"
"131","https://dadosabertos.camara.leg.br/api/v2/deputados/141440","CHICO LOPES",53,56,"FRANCISCO LOPES DA SILVA",NA,"M",NA,NA,1939-08-13,NA,"PI","Teresina"
"132","https://dadosabertos.camara.leg.br/api/v2/deputados/141450","Hugo Leal",53,56,"HUGO LEAL MELO DA SILVA",NA,"M",NA,NA,1962-08-06,NA,"MG","Ouro Fino"
"133","https://dadosabertos.camara.leg.br/api/v2/deputados/141458","João Carlos Bacelar",53,56,"JOÃO CARLOS PAOLILO BACELAR FILHO",NA,"M",NA,NA,1972-10-08,NA,"BA","Salvador"
"134","https://dadosabertos.camara.leg.br/api/v2/deputados/141459","João Maia",53,56,"JOÃO DA SILVA MAIA",NA,"M",NA,NA,1953-09-20,NA,"PB","Brejo do Cruz"
"135","https://dadosabertos.camara.leg.br/api/v2/deputados/141464","José Airton Félix Cirilo",53,56,"JOSÉ AIRTON FÉLIX CIRILO DA SILVA",NA,"M",NA,NA,1957-02-21,NA,"CE","Aracati"
"136","https://dadosabertos.camara.leg.br/api/v2/deputados/141470","José Guimarães",53,56,"JOSÉ NOBRE GUIMARÃES",NA,"M",NA,NA,1957-02-13,NA,"CE","Quixeramobim"
"137","https://dadosabertos.camara.leg.br/api/v2/deputados/141488","Paulo Teixeira",53,56,"LUIZ PAULO TEIXEIRA FERREIRA",NA,"M",NA,NA,1961-05-06,NA,"SP","Águas da Prata"
"138","https://dadosabertos.camara.leg.br/api/v2/deputados/141508","Mauro Nazif",53,56,"MAURO NAZIF RASUL",NA,"M",NA,NA,1959-01-30,NA,"RJ","Barra do Piraí"
"139","https://dadosabertos.camara.leg.br/api/v2/deputados/141513","Bilac Pinto",53,56,"OLAVO BILAC PINTO NETO",NA,"M",NA,NA,1963-06-08,NA,"RJ","Rio de Janeiro"
"140","https://dadosabertos.camara.leg.br/api/v2/deputados/141515","Otavio Leite",53,56,"OTAVIO SANTOS SILVA LEITE",NA,"M",NA,NA,1961-07-29,NA,"SE","Aracaju"
"141","https://dadosabertos.camara.leg.br/api/v2/deputados/141516","Paulo Abi-Ackel",53,56,"PAULO ABI-ACKEL",NA,"M",NA,NA,1963-06-21,NA,"MG","Belo Horizonte"
"142","https://dadosabertos.camara.leg.br/api/v2/deputados/141518","Paulo Pereira da Silva",53,56,"PAULO PEREIRA DA SILVA",NA,"M",NA,NA,1956-02-24,NA,"PR","Porecatu"
"143","https://dadosabertos.camara.leg.br/api/v2/deputados/141523","Raul Henry",53,56,"RAUL JEAN LOUIS HENRY JÚNIOR",NA,"M",NA,NA,1964-06-06,NA,"PE","Recife"
"144","https://dadosabertos.camara.leg.br/api/v2/deputados/141531","Rodrigo de Castro",53,56,"RODRIGO BATISTA DE CASTRO",NA,"M",NA,NA,1971-07-15,NA,"MG","Viçosa"
"145","https://dadosabertos.camara.leg.br/api/v2/deputados/141552","Valtenir Pereira",53,56,"VALTENIR LUIZ PEREIRA",NA,"M",NA,NA,1971-11-24,NA,"MT","Jaciara"
"146","https://dadosabertos.camara.leg.br/api/v2/deputados/141553","Vanderlei Macris",53,56,"VANDERLEI MACRIS",NA,"M",NA,NA,1950-05-20,NA,"SP","Americana"
"147","https://dadosabertos.camara.leg.br/api/v2/deputados/141555","Vinicius Carvalho",53,56,"VINICIUS RAPOZO DE CARVALHO",NA,"M",NA,NA,1966-01-07,NA,"RJ","Rio de Janeiro"
"148","https://dadosabertos.camara.leg.br/api/v2/deputados/143084","Tiago Dimas",56,56,"Tiago Dimas Braga Pereira",NA,"M",NA,NA,1988-08-04,NA,"MG","Uberaba"
"149","https://dadosabertos.camara.leg.br/api/v2/deputados/143632","Domingos Neto",54,56,"DOMINGOS GOMES DE AGUIAR NETO",NA,"M",NA,NA,1988-04-29,NA,"CE","Fortaleza"
"150","https://dadosabertos.camara.leg.br/api/v2/deputados/146307","Neri Geller",53,56,"NERI GELLER",NA,"M",NA,NA,1968-11-07,NA,"RS","Selbach"
"151","https://dadosabertos.camara.leg.br/api/v2/deputados/146788","Marcelo Aro",55,56,"MARCELO GUILHERME DE ARO FERREIRA",NA,"M",NA,NA,1987-06-12,NA,"MG","Belo Horizonte"
"152","https://dadosabertos.camara.leg.br/api/v2/deputados/150418","Márcio Marinho",53,56,"MÁRCIO CARLOS MARINHO",NA,"M",NA,NA,1970-12-12,NA,"RJ","Cabo Frio"
"153","https://dadosabertos.camara.leg.br/api/v2/deputados/151208","Laercio Oliveira",53,56,"LAERCIO JOSÉ DE OLIVEIRA",NA,"M",NA,NA,1959-04-15,NA,"PE","Recife"
"154","https://dadosabertos.camara.leg.br/api/v2/deputados/152605","Glauber Braga",53,56,"GLAUBER DE MEDEIROS BRAGA",NA,"M",NA,NA,1982-06-26,NA,"RJ","Nova Friburgo"
"155","https://dadosabertos.camara.leg.br/api/v2/deputados/152610","Roberto Alves",53,56,"BENEDITO ROBERTO ALVES FERREIRA",NA,"M",NA,NA,1960-05-27,NA,"SP","Taubaté"
"156","https://dadosabertos.camara.leg.br/api/v2/deputados/154178","Milton Vieira",53,56,"MILTON VIEIRA PINTO",NA,"M",NA,NA,1962-09-16,NA,"SP","Iepê"
"157","https://dadosabertos.camara.leg.br/api/v2/deputados/156190","Marcel van Hattem",56,56,"MARCEL VAN HATTEM",NA,"M",NA,NA,1985-11-08,NA,"RS","São Leopoldo"
"158","https://dadosabertos.camara.leg.br/api/v2/deputados/157130","Túlio Gadêlha",56,56,"TÚLIO GADÊLHA SALES DE MELO",NA,"M",NA,NA,1987-11-12,NA,"PE","Recife"
"159","https://dadosabertos.camara.leg.br/api/v2/deputados/159237","Assis Carvalho",54,56,"FRANCISCO DE ASSIS CARVALHO GONÇALVES",NA,"M",NA,NA,1961-09-09,2020-07-05,"PI","Oeiras"
"160","https://dadosabertos.camara.leg.br/api/v2/deputados/159238","Marcus Pestana",54,56,"MARCUS VINÍCIUS CAETANO PESTANA DA SILVA",NA,"M",NA,NA,1960-06-13,NA,"MG","Juiz de Fora"
"161","https://dadosabertos.camara.leg.br/api/v2/deputados/160508","Afonso Florence",54,56,"AFONSO BANDEIRA FLORENCE",NA,"M",NA,NA,1960-10-15,NA,"BA","Salvador"
"162","https://dadosabertos.camara.leg.br/api/v2/deputados/160510","Luis Tibé",54,56,"LUIS HENRIQUE DE OLIVEIRA RESENDE",NA,"M",NA,NA,1971-07-23,NA,"MG","Belo Horizonte"
"163","https://dadosabertos.camara.leg.br/api/v2/deputados/160511","Alessandro Molon",54,56,"ALESSANDRO LUCCIOLA MOLON",NA,"M",NA,NA,1971-10-28,NA,"MG","Belo Horizonte"
"164","https://dadosabertos.camara.leg.br/api/v2/deputados/160512","Aureo Ribeiro",54,56,"AUREO LIDIO MOREIRA RIBEIRO",NA,"M",NA,NA,1979-02-17,NA,"RJ","Duque de Caxias"
"165","https://dadosabertos.camara.leg.br/api/v2/deputados/160517","Paulo Foletto",54,56,"PAULO ROBERTO FOLETTO",NA,"M",NA,NA,1956-04-30,NA,"ES","Colatina"
"166","https://dadosabertos.camara.leg.br/api/v2/deputados/160518","Weliton Prado",54,56,"WELITON FERNANDES PRADO",NA,"M",NA,NA,1975-08-24,NA,"MG","Uberlândia"
"167","https://dadosabertos.camara.leg.br/api/v2/deputados/160527","Aguinaldo Ribeiro",54,56,"AGUINALDO VELLOSO BORGES RIBEIRO",NA,"M",NA,NA,1969-02-13,NA,"PB","Campina Grande"
"168","https://dadosabertos.camara.leg.br/api/v2/deputados/160528","Danilo Cabral",54,56,"DANILO JORGE DE BARROS CABRAL",NA,"M",NA,NA,1967-04-21,NA,"PE","Surubim"
"169","https://dadosabertos.camara.leg.br/api/v2/deputados/160531","Jhonatan de Jesus",54,56,"JOHNATHAN PEREIRA DE JESUS",NA,"M",NA,NA,1983-09-03,NA,"RR","Boa Vista"
"170","https://dadosabertos.camara.leg.br/api/v2/deputados/160532","Eli Corrêa Filho",54,56,"ADRIANO ELI CORRÊA",NA,"M",NA,NA,1976-01-13,NA,"SP","São Paulo"
"171","https://dadosabertos.camara.leg.br/api/v2/deputados/160534","Lauriete",54,56,"LAURIETE RODRIGUES DE JESUS",NA,"F",NA,NA,1970-02-23,NA,"ES","Vila Velha"
"172","https://dadosabertos.camara.leg.br/api/v2/deputados/160535","Marcon",54,56,"DIONILSO MATEUS MARCON",NA,"M",NA,NA,1964-09-21,NA,"RS","Ronda Alta"
"173","https://dadosabertos.camara.leg.br/api/v2/deputados/160538","Bohn Gass",54,56,"ELVINO JOSÉ BOHN GASS",NA,"M",NA,NA,1962-02-05,NA,"RS","Santo Cristo"
"174","https://dadosabertos.camara.leg.br/api/v2/deputados/160541","Arthur Lira",54,56,"ARTHUR CÉSAR PEREIRA DE LIRA",NA,"M",NA,NA,1969-06-25,NA,"AL","Maceió"
"175","https://dadosabertos.camara.leg.br/api/v2/deputados/160545","Alexandre Leite",54,56,"ALEXANDRE LEITE DA SILVA",NA,"M",NA,NA,1989-04-18,NA,"SP","São Paulo"
"176","https://dadosabertos.camara.leg.br/api/v2/deputados/160552","Danrlei de Deus Hinterholz",54,56,"DANRLEI DE DEUS HINTERHOLZ",NA,"M",NA,NA,1973-04-18,NA,"RS","Crissiumal"
"177","https://dadosabertos.camara.leg.br/api/v2/deputados/160553","Antonio Brito",54,56,"ANTONIO LUIZ PARANHOS RIBEIRO LEITE DE BRITO",NA,"M",NA,NA,1969-01-17,NA,"BA","Salvador"
"178","https://dadosabertos.camara.leg.br/api/v2/deputados/160556","Padre João",54,56,"JOÃO CARLOS SIQUEIRA",NA,"M",NA,NA,1967-02-28,NA,"MG","Urucânia"
"179","https://dadosabertos.camara.leg.br/api/v2/deputados/160558","Paulo Freire Costa",54,56,"PAULO ROBERTO FREIRE DA COSTA",NA,"M",NA,NA,1955-02-14,NA,"SP","São Paulo"
"180","https://dadosabertos.camara.leg.br/api/v2/deputados/160559","Alceu Moreira",54,56,"ALCEU MOREIRA DA SILVA",NA,"M",NA,NA,1954-06-04,NA,"RS","Osório"
"181","https://dadosabertos.camara.leg.br/api/v2/deputados/160569","Waldenor Pereira",54,56,"WALDENOR ALVES PEREIRA FILHO",NA,"M",NA,NA,1954-03-08,NA,"BA","Caculé"
"182","https://dadosabertos.camara.leg.br/api/v2/deputados/160570","Jerônimo Goergen",54,56,"JERÔNIMO PIZZOLOTTO GOERGEN",NA,"M",NA,NA,1976-01-20,NA,"RS","Palmeira das Missões"
"183","https://dadosabertos.camara.leg.br/api/v2/deputados/160575","Erika Kokay",54,56,"ÉRIKA JUCÁ KOKAY",NA,"F",NA,NA,1957-08-15,NA,"CE","Fortaleza"
"184","https://dadosabertos.camara.leg.br/api/v2/deputados/160587","Fábio Trad",54,56,"FÁBIO RICARDO TRAD",NA,"M",NA,NA,1969-08-18,NA,"MS","Campo Grande"
"185","https://dadosabertos.camara.leg.br/api/v2/deputados/160588","Diego Andrade",54,56,"DIEGO LEONARDO DE ANDRADE CARVALHO",NA,"M",NA,NA,1977-08-08,NA,"MG","Belo Horizonte"
"186","https://dadosabertos.camara.leg.br/api/v2/deputados/160589","Bruna Furlan",54,56,"BRUNA DIAS FURLAN",NA,"F",NA,NA,1983-04-28,NA,"SP","Barueri"
"187","https://dadosabertos.camara.leg.br/api/v2/deputados/160591","Vinicius Gurgel",54,56,"VINICIUS DE AZEVEDO GURGEL",NA,"M",NA,NA,1978-07-31,NA,"AP","Macapá"
"188","https://dadosabertos.camara.leg.br/api/v2/deputados/160592","Zeca Dirceu",54,56,"JOSÉ CARLOS BECKER DE OLIVEIRA E SILVA",NA,"M",NA,NA,1978-06-21,NA,"PR","Umuarama"
"189","https://dadosabertos.camara.leg.br/api/v2/deputados/160598","Flávia Morais",54,56,"FLÁVIA CARREIRO ALBUQUERQUE MORAIS",NA,"F",NA,NA,1969-04-26,NA,"MG","Belo Horizonte"
"190","https://dadosabertos.camara.leg.br/api/v2/deputados/160599","Dimas Fabiano",54,56,"DIMAS FABIANO TOLEDO JÚNIOR",NA,"M",NA,NA,1973-05-23,NA,"RJ","Macaé"
"191","https://dadosabertos.camara.leg.br/api/v2/deputados/160600","Arthur Oliveira Maia",54,56,"ARTHUR DE OLIVEIRA MAIA DA SILVA",NA,"M",NA,NA,1964-08-17,NA,"BA","Salvador"
"192","https://dadosabertos.camara.leg.br/api/v2/deputados/160601","Pr. Marco Feliciano",54,56,"MARCO ANTÔNIO FELICIANO",NA,"M",NA,NA,1972-10-12,NA,"SP","Orlândia"
"193","https://dadosabertos.camara.leg.br/api/v2/deputados/160604","Pedro Uczai",54,56,"PEDRO FRANCISCO UCZAI",NA,"M",NA,NA,1963-03-10,NA,"SC","Descanso"
"194","https://dadosabertos.camara.leg.br/api/v2/deputados/160610","Valmir Assunção",54,56,"VALMIR CARLOS DA ASSUNÇÃO",NA,"M",NA,NA,1964-12-17,NA,"BA","Itamaraju"
"195","https://dadosabertos.camara.leg.br/api/v2/deputados/160619","José Nunes",54,56,"JOSÉ NUNES SOARES",NA,"M",NA,NA,1950-12-18,NA,"PE","Belém de São Francisco"
"196","https://dadosabertos.camara.leg.br/api/v2/deputados/160621","Sandro Alex",54,56,"SANDRO ALEX CRUZ DE OLIVEIRA",NA,"M",NA,NA,1972-11-25,NA,"PR","Ponta Grossa"
"197","https://dadosabertos.camara.leg.br/api/v2/deputados/160632","Zé Silva",54,56,"JOSÉ SILVA SOARES",NA,"M",NA,NA,1963-05-11,NA,"MG","Iturama"
"198","https://dadosabertos.camara.leg.br/api/v2/deputados/160635","Ruy Carneiro",54,56,"RUY MANUEL CARNEIRO BARBOSA DE ACA BELCHIOR",NA,"M",NA,NA,1970-08-17,NA,"PB","João Pessoa"
"199","https://dadosabertos.camara.leg.br/api/v2/deputados/160639","Professora Dorinha Seabra Rezende",54,56,"MARIA AUXILIADORA SEABRA REZENDE",NA,"F",NA,NA,1964-10-01,NA,"GO","Goiânia"
"200","https://dadosabertos.camara.leg.br/api/v2/deputados/160640","Eros Biondini",54,56,"EROS FERREIRA BIONDINI",NA,"M",NA,NA,1971-05-20,NA,"MG","Belo Horizonte"
"201","https://dadosabertos.camara.leg.br/api/v2/deputados/160641","Professora Marcivania",54,56,"MARCIVANIA DO SOCORRO DA ROCHA FLEXA",NA,"F",NA,NA,1973-06-21,NA,"AP","Macapá"
"202","https://dadosabertos.camara.leg.br/api/v2/deputados/160642","Pastor Eurico",54,56,"FRANCISCO EURICO DA SILVA",NA,"M",NA,NA,1962-09-12,NA,"SP","Presidente Prudente"
"203","https://dadosabertos.camara.leg.br/api/v2/deputados/160645","Luiz Carlos",54,56,"LUIZ CARLOS GOMES DOS SANTOS JUNIOR",NA,"M",NA,NA,1979-08-16,NA,"AP","Amapá"
"204","https://dadosabertos.camara.leg.br/api/v2/deputados/160651","Rogério Peninha Mendonça",54,56,"ROGÉRIO MENDONÇA",NA,"M",NA,NA,1953-01-27,NA,"SC","Nova Trento"
"205","https://dadosabertos.camara.leg.br/api/v2/deputados/160653","Roberto de Lucena",54,56,"ROBERTO ALVES DE LUCENA",NA,"M",NA,NA,1966-04-18,NA,"SP","Santa Isabel"
"206","https://dadosabertos.camara.leg.br/api/v2/deputados/160655","Ricardo Izar",54,56,"RICARDO IZAR JUNIOR",NA,"M",NA,NA,1968-08-01,NA,"SP","São Paulo"
"207","https://dadosabertos.camara.leg.br/api/v2/deputados/160665","Augusto Coutinho",54,56,"AUGUSTO RODRIGUES COUTINHO DE MELO",NA,"M",NA,NA,1962-10-22,NA,"PE","Recife"
"208","https://dadosabertos.camara.leg.br/api/v2/deputados/160666","Félix Mendonça Júnior",54,56,"FELIX DE ALMEIDA MENDONÇA JÚNIOR",NA,"M",NA,NA,1963-11-29,NA,"BA","Itabuna"
"209","https://dadosabertos.camara.leg.br/api/v2/deputados/160667","Guilherme Mussi",54,56,"GUILHERME MUSSI FERREIRA",NA,"M",NA,NA,1982-10-14,NA,"PR","Curitiba"
"210","https://dadosabertos.camara.leg.br/api/v2/deputados/160669","Genecias Noronha",54,56,"GENECIAS MATEUS NORONHA",NA,"M",NA,NA,1963-03-13,NA,"CE","Fortaleza"
"211","https://dadosabertos.camara.leg.br/api/v2/deputados/160672","Jean Wyllys",54,56,"JEAN WYLLYS DE MATOS SANTOS",NA,"M",NA,NA,1974-03-10,NA,"BA","Alagoinhas"
"212","https://dadosabertos.camara.leg.br/api/v2/deputados/160673","Giovani Cherini",54,56,"GIOVANI CHERINI",NA,"M",NA,NA,1960-06-23,NA,"RS","Soledade"
"213","https://dadosabertos.camara.leg.br/api/v2/deputados/160674","Hugo Motta",54,56,"HUGO MOTTA WANDERLEY DA NÓBREGA",NA,"M",NA,NA,1989-09-11,NA,"PB","João Pessoa"
"214","https://dadosabertos.camara.leg.br/api/v2/deputados/160758","Domingos Sávio",54,56,"DOMINGOS SÁVIO CAMPOS RESENDE",NA,"M",NA,NA,1957-03-25,NA,"MG","São Tiago"
"215","https://dadosabertos.camara.leg.br/api/v2/deputados/160976","Tiririca",54,56,"FRANCISCO EVERARDO TIRIRICA OLIVEIRA SILVA",NA,"M",NA,NA,1965-05-01,NA,"CE","Itapipoca"
"216","https://dadosabertos.camara.leg.br/api/v2/deputados/161550","Emidinho Madeira",56,56,"EMIDIO ALVES MADEIRA JUNIOR",NA,"M",NA,NA,1967-03-10,NA,"MG","Nova Resende"
"217","https://dadosabertos.camara.leg.br/api/v2/deputados/162332","Luiz Nishimori",54,56,"LUIZ HILOSHI NISHIMORI",NA,"M",NA,NA,1949-04-09,NA,"PR","Marialva"
"218","https://dadosabertos.camara.leg.br/api/v2/deputados/164359","Delegado Waldir",54,56,"WALDIR SOARES DE OLIVEIRA",NA,"M",NA,NA,1962-11-28,NA,"PR","Jacarezinho"
"219","https://dadosabertos.camara.leg.br/api/v2/deputados/164360","Carmen Zanotto",54,56,"CARMEN EMÍLIA BONFÁ ZANOTTO",NA,"F",NA,NA,1962-10-06,NA,"SC","Lages"
"220","https://dadosabertos.camara.leg.br/api/v2/deputados/166402","Magda Mofatto",54,56,"MAGDA MOFATTO HON",NA,"F",NA,NA,1948-10-26,NA,"SP","Limeira"
"221","https://dadosabertos.camara.leg.br/api/v2/deputados/168175","Simplício Araújo",54,56,"JOSE SIMPLICIO ALVES DE ARAUJO",NA,"M",NA,NA,1969-04-18,NA,"MA","Bacabal"
"222","https://dadosabertos.camara.leg.br/api/v2/deputados/171617","Paulão",54,56,"PAULO FERNANDO DOS SANTOS",NA,"M",NA,NA,1957-09-15,NA,"AL","Maceió"
"223","https://dadosabertos.camara.leg.br/api/v2/deputados/171619","Margarida Salomão",54,56,"MARIA MARGARIDA MARTINS SALOMÃO",NA,"F",NA,NA,1950-06-10,NA,"MG","Juiz de Fora"
"224","https://dadosabertos.camara.leg.br/api/v2/deputados/171623","Fabio Reis",54,56,"FABIO DE ALMEIDA REIS",NA,"M",NA,NA,1977-04-15,NA,"SE","Lagarto"
"225","https://dadosabertos.camara.leg.br/api/v2/deputados/177282","Subtenente Gonzaga",54,56,"LUIZ GONZAGA RIBEIRO",NA,"M",NA,NA,1962-05-31,NA,"MG","Manhuaçu"
"226","https://dadosabertos.camara.leg.br/api/v2/deputados/178825","LEO DE BRITO",55,56,"LEONARDO CUNHA DE BRITO",NA,"M",NA,NA,1979-04-13,NA,"AC","Rio Branco"
"227","https://dadosabertos.camara.leg.br/api/v2/deputados/178829","Capitão Augusto",55,56,"JOSE AUGUSTO ROSA",NA,"M",NA,NA,1966-10-04,NA,"SP","Ourinhos"
"228","https://dadosabertos.camara.leg.br/api/v2/deputados/178830","Dr. Sinval Malheiros",54,56,"SINVAL MALHEIROS PINTO JÚNIOR",NA,"M",NA,NA,1951-02-23,NA,"SP","São Paulo"
"229","https://dadosabertos.camara.leg.br/api/v2/deputados/178831","André Abdon",55,56,"ANDRE DOS SANTOS ABDON",NA,"M",NA,NA,1970-11-10,NA,"PA","Belém"
"230","https://dadosabertos.camara.leg.br/api/v2/deputados/178832","Leandre",55,56,"LEANDRE DAL PONTE",NA,"F",NA,NA,1975-12-20,NA,"PR","Pato Branco"
"231","https://dadosabertos.camara.leg.br/api/v2/deputados/178833","Alexandre Serfiotis",55,56,"ALEXANDRE AUGUSTUS SERFIOTIS",NA,"M",NA,NA,1975-11-29,NA,"RJ","Porto Real"
"232","https://dadosabertos.camara.leg.br/api/v2/deputados/178835","Afonso Motta",54,56,"AFONSO ANTUNES DA MOTTA",NA,"M",NA,NA,1950-01-08,NA,"RS","Porto Alegre"
"233","https://dadosabertos.camara.leg.br/api/v2/deputados/178836","Alan Rick",55,56,"ALAN RICK MIRANDA",NA,"M",NA,NA,1976-10-23,NA,"AC","Rio Branco"
"234","https://dadosabertos.camara.leg.br/api/v2/deputados/178839","Jéssica Sales",55,56,"JESSICA ROJAS SALES",NA,"F",NA,NA,1980-11-28,NA,"AC","Cruzeiro do Sul"
"235","https://dadosabertos.camara.leg.br/api/v2/deputados/178842","Jhc",55,56,"JOAO HENRIQUE HOLANDA  CALDAS",NA,"M",NA,NA,1987-07-22,NA,"AL","Maceió"
"236","https://dadosabertos.camara.leg.br/api/v2/deputados/178843","Marx Beltrão",55,56,"MARX BELTRÃO LIMA SIQUEIRA",NA,"M",NA,NA,1979-11-28,NA,"AL","Maceió"
"237","https://dadosabertos.camara.leg.br/api/v2/deputados/178844","Pedro Vilela",55,56,"PEDRO TORRES BRANDÃO VILELA",NA,"M",NA,NA,1985-05-01,NA,"AL","Maceió"
"238","https://dadosabertos.camara.leg.br/api/v2/deputados/178853","Caetano",55,56,"LUIZ CARLOS CAETANO",NA,"M",NA,NA,1954-09-23,NA,"BA","Central"
"239","https://dadosabertos.camara.leg.br/api/v2/deputados/178854","Elmar Nascimento",55,56,"ELMAR JOSE VIEIRA NASCIMENTO",NA,"M",NA,NA,1970-07-06,NA,"BA","Campo Formoso"
"240","https://dadosabertos.camara.leg.br/api/v2/deputados/178857","Jorge Solla",55,56,"JORGE JOSE SANTOS PEREIRA SOLLA",NA,"M",NA,NA,1961-04-11,NA,"BA","Salvador"
"241","https://dadosabertos.camara.leg.br/api/v2/deputados/178858","Mário Negromonte Jr.",55,56,"MARIO S. M. NEGROMONTE JR.",NA,"M",NA,NA,1980-08-31,NA,"BA","Paulo Afonso"
"242","https://dadosabertos.camara.leg.br/api/v2/deputados/178860","Paulo Azi",55,56,"PAULO VELLOSO DANTAS AZI",NA,"M",NA,NA,1963-01-14,NA,"BA","Salvador"
"243","https://dadosabertos.camara.leg.br/api/v2/deputados/178861","Ronaldo Carletto",55,56,"RONALDO CARLETTO",NA,"M",NA,NA,1960-01-05,NA,"ES","Conceição da Barra"
"244","https://dadosabertos.camara.leg.br/api/v2/deputados/178862","Tia Eron",55,56,"ERONILDES VASCONCELOS CARVALHO",NA,"F",NA,NA,1972-06-02,NA,"BA","Salvador"
"245","https://dadosabertos.camara.leg.br/api/v2/deputados/178863","Uldurico Junior",55,56,"ULDURICO ALENCAR PINTO",NA,"M",NA,NA,1992-01-30,NA,"DF","Brasília"
"246","https://dadosabertos.camara.leg.br/api/v2/deputados/178866","Luizianne Lins",55,56,"LUIZIANNE DE OLIVEIRA LINS",NA,"F",NA,NA,1968-11-18,NA,"CE","Fortaleza"
"247","https://dadosabertos.camara.leg.br/api/v2/deputados/178871","Evair Vieira de Melo",55,56,"EVAIR VIEIRA DE MELO",NA,"M",NA,NA,1972-04-02,NA,"ES","Conceição do Castelo"
"248","https://dadosabertos.camara.leg.br/api/v2/deputados/178873","Helder Salomão",55,56,"HELDER IGNACIO SALOMAO",NA,"M",NA,NA,1964-03-08,NA,"ES","Colatina"
"249","https://dadosabertos.camara.leg.br/api/v2/deputados/178874","Sergio Vidigal",55,56,"ANTONIO SERGIO ALVES VIDIGAL",NA,"M",NA,NA,1957-05-08,NA,"ES","Vitória"
"250","https://dadosabertos.camara.leg.br/api/v2/deputados/178876","Célio Silveira",55,56,"CELIO ANTONIO DA SILVEIRA",NA,"M",NA,NA,1959-09-19,NA,"GO","Luziânia"
"251","https://dadosabertos.camara.leg.br/api/v2/deputados/178879","Lucas Vergilio",55,56,"LUCAS DE CASTRO SANTOS",NA,"M",NA,NA,1987-04-08,NA,"GO","Goiânia"
"252","https://dadosabertos.camara.leg.br/api/v2/deputados/178881","Aluisio Mendes",55,56,"ALUISIO GUIMARAES MENDES FILHO",NA,"M",NA,NA,1961-11-11,NA,"MG","Belo Horizonte"
"253","https://dadosabertos.camara.leg.br/api/v2/deputados/178882","André Fufuca",55,56,"ANDRE LUIZ CARVALHO RIBEIRO",NA,"M",NA,NA,1989-08-27,NA,"MA","Santa Inês"
"254","https://dadosabertos.camara.leg.br/api/v2/deputados/178884","Hildo Rocha",55,56,"HILDO AUGUSTO DA ROCHA NETO",NA,"M",NA,NA,1960-04-22,NA,"MA","São Luís"
"255","https://dadosabertos.camara.leg.br/api/v2/deputados/178886","Juscelino Filho",55,56,"JOSE JUSCELINO DOS SANTOS REZENDE FILHO",NA,"M",NA,NA,1984-11-06,NA,"MA","São Luís"
"256","https://dadosabertos.camara.leg.br/api/v2/deputados/178887","Rubens Pereira Júnior",55,56,"RUBENS PEREIRA E SILVA JUNIOR",NA,"M",NA,NA,1984-03-16,NA,"MA","São Luís"
"257","https://dadosabertos.camara.leg.br/api/v2/deputados/178889","Zé Carlos",55,56,"JOSÉ CARLOS NUNES JÚNIOR",NA,"M",NA,NA,1955-05-26,NA,"MA","São Luís"
"258","https://dadosabertos.camara.leg.br/api/v2/deputados/178895","Misael Varella",55,56,"MISAEL ARTUR FERREIRA VARELLA",NA,"M",NA,NA,1959-11-27,NA,"MG","Muriaé"
"259","https://dadosabertos.camara.leg.br/api/v2/deputados/178896","Newton Cardoso Jr",55,56,"NEWTON CARDOSO JUNIOR",NA,"M",NA,NA,1979-11-11,NA,"MG","Belo Horizonte"
"260","https://dadosabertos.camara.leg.br/api/v2/deputados/178901","Tereza Cristina",55,56,"TEREZA CRISTINA CORREA DA COSTA DIAS",NA,"F",NA,NA,1954-07-06,NA,"MS","Campo Grande"
"261","https://dadosabertos.camara.leg.br/api/v2/deputados/178908","Delegado Éder Mauro",55,56,"EDER MAURO CARDOSO BARRA",NA,"M",NA,NA,1960-12-14,NA,"PA","Belém"
"262","https://dadosabertos.camara.leg.br/api/v2/deputados/178909","Hélio Leite",55,56,"HELIO LEITE DA SILVA",NA,"M",NA,NA,1957-12-09,NA,"PA","Castanhal"
"263","https://dadosabertos.camara.leg.br/api/v2/deputados/178910","Joaquim Passarinho",55,56,"JOAQUIM PASSARINHO PINTO DE SOUZA PORTO",NA,"M",NA,NA,1961-12-02,NA,"PA","Belém"
"264","https://dadosabertos.camara.leg.br/api/v2/deputados/178912","Pedro Cunha Lima",55,56,"PEDRO OLIVEIRA CUNHA LIMA",NA,"M",NA,NA,1988-08-15,NA,"PB","Campina Grande"
"265","https://dadosabertos.camara.leg.br/api/v2/deputados/178916","Daniel Coelho",55,56,"DANIEL PIRES COELHO",NA,"M",NA,NA,1978-11-04,NA,"PE","Recife"
"266","https://dadosabertos.camara.leg.br/api/v2/deputados/178920","Ricardo Teobaldo",55,56,"RICARDO TEOBALDO CAVALCANTI",NA,"M",NA,NA,1965-10-18,NA,"PE","Limoeiro"
"267","https://dadosabertos.camara.leg.br/api/v2/deputados/178921","Sebastião Oliveira",55,56,"SEBASTIAO IGNACIO DE OLIVEIRA JUNIOR",NA,"M",NA,NA,1968-08-31,NA,"PE","Recife"
"268","https://dadosabertos.camara.leg.br/api/v2/deputados/178922","Tadeu Alencar",55,56,"FRANCISCO TADEU BARBOSA DE ALENCAR",NA,"M",NA,NA,1963-04-08,NA,"CE","Juazeiro do Norte"
"269","https://dadosabertos.camara.leg.br/api/v2/deputados/178924","Capitão Fábio Abreu",55,56,"FABIO ABREU COSTA",NA,"M",NA,NA,1972-12-31,NA,"CE","Fortaleza"
"270","https://dadosabertos.camara.leg.br/api/v2/deputados/178925","Rejane Dias",55,56,"REJANE RIBEIRO SOUSA DIAS",NA,"F",NA,NA,1972-09-04,NA,"PI","Teresina"
"271","https://dadosabertos.camara.leg.br/api/v2/deputados/178927","Aliel Machado",55,56,"ALIEL MACHADO BARK",NA,"M",NA,NA,1989-02-26,NA,"PR","Ponta Grossa"
"272","https://dadosabertos.camara.leg.br/api/v2/deputados/178928","Christiane de Souza Yared",55,56,"CHRISTIANE DE SOUZA YARED",NA,"F",NA,NA,1960-02-23,NA,"PR","Curitiba"
"273","https://dadosabertos.camara.leg.br/api/v2/deputados/178929","Diego Garcia",55,56,"DIEGO ALEXSANDER GONCALO PAULA GARCIA",NA,"M",NA,NA,1984-10-10,NA,"PR","Bandeirantes"
"274","https://dadosabertos.camara.leg.br/api/v2/deputados/178930","Roman",55,56,"EVANDRO ROGERIO ROMAN",NA,"M",NA,NA,1973-03-03,NA,"RS","Erval Grande"
"275","https://dadosabertos.camara.leg.br/api/v2/deputados/178931","Luciano Ducci",55,56,"LUCIANO DUCCI",NA,"M",NA,NA,1955-03-23,NA,"PR","Curitiba"
"276","https://dadosabertos.camara.leg.br/api/v2/deputados/178933","Sergio Souza",55,56,"SERGIO DE SOUZA",NA,"M",NA,NA,1971-03-13,NA,"PR","Ivaiporã"
"277","https://dadosabertos.camara.leg.br/api/v2/deputados/178934","Toninho Wandscheer",55,56,"ANTONIO WANDSCHEER",NA,"M",NA,NA,1950-08-31,NA,"PR","Foz do Iguaçu"
"278","https://dadosabertos.camara.leg.br/api/v2/deputados/178937","Altineu Côrtes",55,56,"ALTINEU CÔRTES FREITAS COUTINHO",NA,"M",NA,NA,1968-09-13,NA,"RJ","Niterói"
"279","https://dadosabertos.camara.leg.br/api/v2/deputados/178939","Clarissa Garotinho",55,56,"CLARISSA BARROS ASSED MATHEUS DE OLIVEIRA",NA,"F",NA,NA,1982-07-02,NA,"RJ","Campos dos Goytacazes"
"280","https://dadosabertos.camara.leg.br/api/v2/deputados/178943","Marcos Soares",55,56,"MARCOS BEZERRA RIBEIRO SOARES",NA,"M",NA,NA,1978-05-16,NA,"RJ","Rio de Janeiro"
"281","https://dadosabertos.camara.leg.br/api/v2/deputados/178945","Rosangela Gomes",55,56,"ROSANGELA DE SOUZA GOMES",NA,"F",NA,NA,1966-12-27,NA,"RJ","Rio de Janeiro"
"282","https://dadosabertos.camara.leg.br/api/v2/deputados/178946","Soraya Santos",55,56,"SORAYA ALENCAR DOS SANTOS",NA,"F",NA,NA,1958-12-04,NA,"RJ","Macaé"
"283","https://dadosabertos.camara.leg.br/api/v2/deputados/178947","Sóstenes Cavalcante",55,56,"SOSTENES SILVA CAVALCANTE",NA,"M",NA,NA,1975-01-16,NA,"AL","Maceió"
"284","https://dadosabertos.camara.leg.br/api/v2/deputados/178948","Beto Rosado",55,56,"CARLOS ALBERTO DE SOUSA ROSADO SEGUNDO",NA,"M",NA,NA,1982-02-01,NA,"RN","Mossoró"
"285","https://dadosabertos.camara.leg.br/api/v2/deputados/178951","Rafael Motta",55,56,"RAFAEL HUETE DA MOTTA",NA,"M",NA,NA,1986-08-15,NA,"RN","Natal"
"286","https://dadosabertos.camara.leg.br/api/v2/deputados/178952","Walter Alves",55,56,"WALTER PEREIRA ALVES",NA,"M",NA,NA,1980-02-27,NA,"RN","Natal"
"287","https://dadosabertos.camara.leg.br/api/v2/deputados/178953","Expedito Netto",55,56,"EXPEDITO GONCALVES FERREIRA NETTO",NA,"M",NA,NA,1988-10-05,NA,"RO","Porto Velho"
"288","https://dadosabertos.camara.leg.br/api/v2/deputados/178954","Lucio Mosquini",55,56,"LUCIO ANTONIO MOSQUINI",NA,"M",NA,NA,1969-07-23,NA,"MT","Rondonópolis"
"289","https://dadosabertos.camara.leg.br/api/v2/deputados/178956","Mariana Carvalho",55,56,"MARIANA FONSECA RIBEIRO CARVALHO DE MORAES",NA,"F",NA,NA,1986-11-26,NA,"SP","São Paulo"
"290","https://dadosabertos.camara.leg.br/api/v2/deputados/178959","Hiran Gonçalves",55,56,"HIRAN MANUEL GONCALVES DA SILVA",NA,"M",NA,NA,1957-06-19,NA,"AM","Tefé"
"291","https://dadosabertos.camara.leg.br/api/v2/deputados/178961","Shéridan",55,56,"SHÉRIDAN ESTÉRFANY OLIVEIRA",NA,"F",NA,NA,1984-04-11,NA,"RR","Boa Vista"
"292","https://dadosabertos.camara.leg.br/api/v2/deputados/178962","Carlos Gomes",55,56,"ANTONIO CARLOS GOMES DA SILVA",NA,"M",NA,NA,1972-06-13,NA,"BA","Saúde"
"293","https://dadosabertos.camara.leg.br/api/v2/deputados/178963","Covatti Filho",55,56,"LUIS ANTONIO FRANCISCATTO COVATTI",NA,"M",NA,NA,1987-07-25,NA,"RS","Frederico Westphalen"
"294","https://dadosabertos.camara.leg.br/api/v2/deputados/178964","Heitor Schuch",55,56,"HEITOR JOSE SCHUCH",NA,"M",NA,NA,1962-03-25,NA,"RS","Santa Cruz do Sul"
"295","https://dadosabertos.camara.leg.br/api/v2/deputados/178966","Geovania de Sá",55,56,"Geovânia de Sá",NA,"F",NA,NA,1972-03-30,NA,"SC","Criciúma"
"296","https://dadosabertos.camara.leg.br/api/v2/deputados/178969","Fábio Mitidieri",55,56,"FABIO CRUZ MITIDIERI",NA,"M",NA,NA,1977-02-24,NA,"SE","Aracaju"
"297","https://dadosabertos.camara.leg.br/api/v2/deputados/178970","João Daniel",55,56,"JOAO SOMARIVA DANIEL",NA,"M",NA,NA,1967-08-22,NA,"SC","São Lourenço D'Oeste"
"298","https://dadosabertos.camara.leg.br/api/v2/deputados/178972","Alex Manente",55,56,"ALEX SPINELLI MANENTE",NA,"M",NA,NA,1979-08-22,NA,"SP","São Bernardo do Campo"
"299","https://dadosabertos.camara.leg.br/api/v2/deputados/178975","Baleia Rossi",55,56,"LUIZ FELIPE BALEIA TENUTO ROSSI",NA,"M",NA,NA,1972-06-09,NA,"SP","São Paulo"
"300","https://dadosabertos.camara.leg.br/api/v2/deputados/178977","Eduardo Cury",55,56,"EDUARDO PEDROSA CURY",NA,"M",NA,NA,1963-09-19,NA,"SP","São José dos Campos"
"301","https://dadosabertos.camara.leg.br/api/v2/deputados/178981","Herculano Passos",55,56,"HERCULANO CASTILHO PASSOS JUNIOR",NA,"M",NA,NA,1956-08-04,NA,"SP","Itu"
"302","https://dadosabertos.camara.leg.br/api/v2/deputados/178982","Luiz Lauro Filho",55,56,"LUIZ LAURO FERREIRA FILHO",NA,"M",NA,NA,1978-06-10,2020-05-18,"SP","Campinas"
"303","https://dadosabertos.camara.leg.br/api/v2/deputados/178983","Marcio Alvino",55,56,"MARCIO LUIZ ALVINO DE SOUZA",NA,"M",NA,NA,1969-06-14,NA,"SP","São Paulo"
"304","https://dadosabertos.camara.leg.br/api/v2/deputados/178984","Miguel Haddad",55,56,"MIGUEL MOUBADDA HADDAD",NA,"M",NA,NA,1957-10-15,NA,"SP","Jundiaí"
"305","https://dadosabertos.camara.leg.br/api/v2/deputados/178985","Miguel Lombardi",55,56,"MIGUEL LOMBARDI",NA,"M",NA,NA,1964-01-29,NA,"SP","Limeira"
"306","https://dadosabertos.camara.leg.br/api/v2/deputados/178986","Nilto Tatto",55,56,"NILTO IGNACIO TATTO",NA,"M",NA,NA,1963-07-31,NA,"RS","Frederico Westphalen"
"307","https://dadosabertos.camara.leg.br/api/v2/deputados/178987","Orlando Silva",55,56,"ORLANDO SILVA DE JESUS JUNIOR",NA,"M",NA,NA,1971-05-27,NA,"BA","Salvador"
"308","https://dadosabertos.camara.leg.br/api/v2/deputados/178989","Renata Abreu",55,56,"RENATA HELLMEISTER DE ABREU",NA,"F",NA,NA,1982-04-15,NA,"SP","São Paulo"
"309","https://dadosabertos.camara.leg.br/api/v2/deputados/178990","Samuel Moreira",55,56,"SAMUEL MOREIRA DA SILVA JUNIOR",NA,"M",NA,NA,1963-02-09,NA,"MG","Governador Valadares"
"310","https://dadosabertos.camara.leg.br/api/v2/deputados/178992","Vitor Lippi",55,56,"VITOR LIPPI",NA,"M",NA,NA,1959-05-18,NA,"SP","São Paulo"
"311","https://dadosabertos.camara.leg.br/api/v2/deputados/178993","Carlos Henrique Gaguim",55,56,"CARLOS HENRIQUE AMORIM",NA,"M",NA,NA,1961-04-21,NA,"GO","Ceres"
"312","https://dadosabertos.camara.leg.br/api/v2/deputados/178994","Dulce Miranda",55,56,"DULCE FERREIRA PAGANI MIRANDA",NA,"F",NA,NA,1963-12-15,NA,"MG","Pocrane"
"313","https://dadosabertos.camara.leg.br/api/v2/deputados/178996","Giovani Feltes",55,56,"GIOVANI BATISTA FELTES",NA,"M",NA,NA,1957-04-10,NA,"RS","São Leopoldo"
"314","https://dadosabertos.camara.leg.br/api/v2/deputados/178997","Moses Rodrigues",55,56,"MOSES HAENDEL MELO RODRIGUES",NA,"M",NA,NA,1978-06-06,NA,"CE","Sobral"
"315","https://dadosabertos.camara.leg.br/api/v2/deputados/179000","Marcelo Álvaro Antônio",55,56,"MARCELO HENRIQUE TEIXEIRA DIAS",NA,"M",NA,NA,1974-02-16,NA,"MG","Belo Horizonte"
"316","https://dadosabertos.camara.leg.br/api/v2/deputados/179001","Márcio Biolchi",55,56,"MARCIO DELLA VALLE BIOLCHI",NA,"M",NA,NA,1979-05-23,NA,"RS","Carazinho"
"317","https://dadosabertos.camara.leg.br/api/v2/deputados/179587","Vitor Hugo",56,56,"VITOR HUGO DE ARAUJO ALMEIDA",NA,"M",NA,NA,1977-05-31,NA,"BA","Salvador"
"318","https://dadosabertos.camara.leg.br/api/v2/deputados/188097","Merlong Solano",55,56,"MERLONG SOLANO NOGUEIRA",NA,"M",NA,NA,1958-09-17,NA,"PI","Valença do Piauí"
"319","https://dadosabertos.camara.leg.br/api/v2/deputados/191923","Flávio Nogueira",55,56,"FLÁVIO RODRIGUES NOGUEIRA",NA,"M",NA,NA,1953-02-27,NA,"CE","Alto Santo"
"320","https://dadosabertos.camara.leg.br/api/v2/deputados/193726","Paulo Eduardo Martins",55,56,"PAULO EDUARDO LIMA MARTINS",NA,"M",NA,NA,1981-04-20,NA,"SP","Presidente Venceslau"
"321","https://dadosabertos.camara.leg.br/api/v2/deputados/194260","Nivaldo Albuquerque",55,56,"NIVALDO FERREIRA DE ALBUQUERQUE NETO",NA,"M",NA,NA,1988-01-07,NA,"AL","Maceió"
"322","https://dadosabertos.camara.leg.br/api/v2/deputados/195866","Vaidon Oliveira",55,56,"FRANCISCO VAIDON OLIVEIRA",NA,"M",NA,NA,1975-04-02,NA,"CE","Acaraú"
"323","https://dadosabertos.camara.leg.br/api/v2/deputados/196358","Lourival Gomes",55,56,"LOURIVAL GOMES DE ALMEIDA",NA,"M",NA,NA,1955-07-22,NA,"RJ","Rio de Janeiro"
"324","https://dadosabertos.camara.leg.br/api/v2/deputados/197438","Tito",56,56,"CARLOS TITO MARQUES CORDEIRO",NA,"M",NA,NA,1976-11-17,NA,"BA","Santa Maria da Vitória"
"325","https://dadosabertos.camara.leg.br/api/v2/deputados/198197","Greyce Elias",56,56,"GREYCE DE QUEIROZ ELIAS",NA,"F",NA,NA,1981-12-15,NA,"MG","Patrocínio"
"326","https://dadosabertos.camara.leg.br/api/v2/deputados/198783","Emanuel Pinheiro Neto",56,56,"EMANUEL PINHEIRO DA SILVA PRIMO",NA,"M",NA,NA,1995-01-05,NA,"MT","Cuiabá"
"327","https://dadosabertos.camara.leg.br/api/v2/deputados/204351","Dr. Luiz Ovando",56,56,"LUIZ ALBERTO OVANDO",NA,"M",NA,NA,1949-09-25,NA,"MS","Corumbá"
"328","https://dadosabertos.camara.leg.br/api/v2/deputados/204352","Camilo Capiberibe",56,56,"CARLOS CAMILO GÓES CAPIBERIBE",NA,"M",NA,NA,1972-05-23,NA,NA,"Santiago"
"329","https://dadosabertos.camara.leg.br/api/v2/deputados/204353","Aline Gurgel",56,56,"ALINE PARANHOS VARONIL GURGEL",NA,"F",NA,NA,1980-11-25,NA,"AP","Macapá"
"330","https://dadosabertos.camara.leg.br/api/v2/deputados/204354","Flávia Arruda",56,56,"FLÁVIA CAROLINA PÉRES",NA,"F",NA,NA,1980-01-21,NA,"DF","Brasília"
"331","https://dadosabertos.camara.leg.br/api/v2/deputados/204355","Da Vitoria",56,56,"JOSIAS MARIO DA VITORIA",NA,"M",NA,NA,1971-06-02,NA,"ES","Colatina"
"332","https://dadosabertos.camara.leg.br/api/v2/deputados/204356","Amaro Neto",56,56,"AMARO ROCHA NASCIMENTO NETO",NA,"M",NA,NA,1976-12-04,NA,"ES","Vitória"
"333","https://dadosabertos.camara.leg.br/api/v2/deputados/204357","Rose Modesto",56,56,"ROSIANE MODESTO  DE OLIVEIRA",NA,"F",NA,NA,1978-02-20,NA,"MS","Fátima do Sul"
"334","https://dadosabertos.camara.leg.br/api/v2/deputados/204358","Beto Pereira",56,56,"HUMBERTO REZENDE PEREIRA",NA,"M",NA,NA,1977-11-14,NA,"MS","Campo Grande"
"335","https://dadosabertos.camara.leg.br/api/v2/deputados/204359","Léo Moraes",56,56,"LEONARDO BARRETO DE MORAES",NA,"M",NA,NA,1984-01-11,NA,"PR","Foz do Iguaçu"
"336","https://dadosabertos.camara.leg.br/api/v2/deputados/204360","Silvia Cristina",56,56,"SILVIA CRISTINA AMANCIO CHAGAS",NA,"F",NA,NA,1974-01-15,NA,"RO","Ji-Paraná"
"337","https://dadosabertos.camara.leg.br/api/v2/deputados/204361","Carlos Chiodini",56,56,"CARLOS ALBERTO CHIODINI",NA,"M",NA,NA,1982-03-08,NA,"SC","Jaraguá do Sul"
"338","https://dadosabertos.camara.leg.br/api/v2/deputados/204362","Ricardo Guidi",56,56,"RICARDO ZANATTA GUIDI",NA,"M",NA,NA,1977-09-28,NA,"SC","Criciúma"
"339","https://dadosabertos.camara.leg.br/api/v2/deputados/204363","Osires Damaso",56,56,"OSIRES RODRIGUES DAMASO",NA,"M",NA,NA,1963-04-16,NA,"GO","Campinorte"
"340","https://dadosabertos.camara.leg.br/api/v2/deputados/204364","Eli Borges",56,56,"ELI DIAS BORGES",NA,"M",NA,NA,1960-09-01,NA,"GO","Ipameri"
"341","https://dadosabertos.camara.leg.br/api/v2/deputados/204365","Gilson Marques",56,56,"GILSON MARQUES VIEIRA",NA,"M",NA,NA,1981-04-12,NA,"SC","Rio do Sul"
"342","https://dadosabertos.camara.leg.br/api/v2/deputados/204366","Rodrigo Coelho",56,56,"RODRIGO COELHO",NA,"M",NA,NA,1980-06-29,NA,"SC","Joinville"
"343","https://dadosabertos.camara.leg.br/api/v2/deputados/204367","Daniel Freitas",56,56,"DANIEL COSTA DE FREITAS",NA,"M",NA,NA,1982-04-03,NA,"SC","Criciúma"
"344","https://dadosabertos.camara.leg.br/api/v2/deputados/204368","Fabio Schiochet",56,56,"FÁBIO LUIZ SCHIOCHET FILHO",NA,"M",NA,NA,1988-05-31,NA,"SC","Jaraguá do Sul"
"345","https://dadosabertos.camara.leg.br/api/v2/deputados/204369","Caroline de Toni",56,56,"CAROLINE RODRIGUES DE TONI",NA,"F",NA,NA,1986-09-01,NA,"SC","Chapecó"
"346","https://dadosabertos.camara.leg.br/api/v2/deputados/204370","Célio Moura",56,56,"CELIO ALVES DE MOURA",NA,"M",NA,NA,1953-08-13,NA,"MG","Arapuá"
"347","https://dadosabertos.camara.leg.br/api/v2/deputados/204371","Felipe Rigoni",56,56,"FELIPE RIGONI LOPES",NA,"M",NA,NA,1991-06-13,NA,"ES","Linhares"
"348","https://dadosabertos.camara.leg.br/api/v2/deputados/204372","Julio Cesar Ribeiro",56,56,"JULIO CESAR RIBEIRO",NA,"M",NA,NA,1975-02-24,NA,"SP","São Bernardo do Campo"
"349","https://dadosabertos.camara.leg.br/api/v2/deputados/204373","Hélio Costa",56,56,"HÉLIO FRANCISCO DA COSTA",NA,"M",NA,NA,1954-03-03,NA,"SC","Florianópolis"
"350","https://dadosabertos.camara.leg.br/api/v2/deputados/204374","Bia Kicis",56,56,"BEATRIZ KICIS TORRENTS DE SORDI",NA,"F",NA,NA,1961-09-19,NA,"RJ","Resende"
"351","https://dadosabertos.camara.leg.br/api/v2/deputados/204375","Leda Sadala",56,56,"LEDA MARIA SADALA BRITO",NA,"F",NA,NA,1966-06-11,NA,"PA","Almeirim"
"352","https://dadosabertos.camara.leg.br/api/v2/deputados/204376","Coronel Armando",56,56,"LUIZ ARMANDO SCHROEDER REIS",NA,"M",NA,NA,1957-06-23,NA,"RJ","Resende"
"353","https://dadosabertos.camara.leg.br/api/v2/deputados/204377","Paula Belmonte",56,56,"PAULA MORENO PARO BELMONTE",NA,"F",NA,NA,1973-06-23,NA,"SP","SAO PAULO"
"354","https://dadosabertos.camara.leg.br/api/v2/deputados/204378","Coronel Chrisóstomo",56,56,"JOAO CHRISÓSTOMO DE MOURA",NA,"M",NA,NA,1959-06-23,NA,"AM","Tefé"
"355","https://dadosabertos.camara.leg.br/api/v2/deputados/204379","Acácio Favacho",56,56,"ACÁCIO DA SILVA FAVACHO NETO",NA,"M",NA,NA,1983-09-28,NA,"AP","Macapá"
"356","https://dadosabertos.camara.leg.br/api/v2/deputados/204380","Celina Leão",56,56,"CELINA LEAO HIZIM FERREIRA",NA,"F",NA,NA,1977-03-02,NA,"GO","Goiânia"
"357","https://dadosabertos.camara.leg.br/api/v2/deputados/204381","Luis Miranda",56,56,"LUIS CLAUDIO FERNANDES MIRANDA",NA,"M",NA,NA,1980-03-27,NA,"DF","Brasília"
"358","https://dadosabertos.camara.leg.br/api/v2/deputados/204382","Loester Trutis",56,56,"LOESTER CARLOS GOMES DE SOUZA",NA,"M",NA,NA,1982-09-21,NA,"MS","Campo Grande"
"359","https://dadosabertos.camara.leg.br/api/v2/deputados/204383","Professor Israel Batista",56,56,"ISRAEL MATOS BATISTA",NA,"M",NA,NA,1982-05-02,NA,"DF","Brasília"
"360","https://dadosabertos.camara.leg.br/api/v2/deputados/204384","Ney Leprevost",56,56,"NEY LEPREVOST NETO",NA,"M",NA,NA,1973-10-26,NA,"PR","Curitiba"
"361","https://dadosabertos.camara.leg.br/api/v2/deputados/204385","Valdevan Noventa",56,56,"José Valdevan de Jesus Santos",NA,"M",NA,NA,1969-06-20,NA,"SE","Estância"
"362","https://dadosabertos.camara.leg.br/api/v2/deputados/204386","Jose Mario Schreiner",56,56,"JOSE MARIO SCHREINER",NA,"M",NA,NA,1961-02-08,NA,"SC","Porto União"
"363","https://dadosabertos.camara.leg.br/api/v2/deputados/204387","Sargento Fahur",56,56,"GILSON CARDOSO FAHUR",NA,"M",NA,NA,1963-11-06,NA,"PR","Londrina"
"364","https://dadosabertos.camara.leg.br/api/v2/deputados/204388","Bibo Nunes",56,56,"ALCIBIO MESQUITA BIBO NUNES",NA,"M",NA,NA,1957-01-09,NA,"RS","Cruz Alta"
"365","https://dadosabertos.camara.leg.br/api/v2/deputados/204389","Elias Vaz",56,56,"ELIAS VAZ DE ANDRADE",NA,"M",NA,NA,1966-07-04,NA,"GO","Goiânia"
"366","https://dadosabertos.camara.leg.br/api/v2/deputados/204390","Professor Alcides",56,56,"ALCIDES RIBEIRO FILHO",NA,"M",NA,NA,1953-10-25,NA,"BA","Remanso"
"367","https://dadosabertos.camara.leg.br/api/v2/deputados/204391","José Nelto",56,56,"JOSÉ NELTO LAGARES DAS MERCEZ",NA,"M",NA,NA,1960-09-19,NA,"MG","Tiros"
"368","https://dadosabertos.camara.leg.br/api/v2/deputados/204392","Francisco Jr.",56,56,"FRANCISCO RODRIGUES VALE JUNIOR",NA,"M",NA,NA,1969-03-15,NA,"GO","Goiânia"
"369","https://dadosabertos.camara.leg.br/api/v2/deputados/204393","Frei Anastacio Ribeiro",56,56,"ANTONIO RIBEIRO",NA,"M",NA,NA,1944-03-03,NA,"PB","Esperança"
"370","https://dadosabertos.camara.leg.br/api/v2/deputados/204394","Gervásio Maia",56,56,"GERVÁSIO AGRIPINO MAIA",NA,"M",NA,NA,1975-04-14,NA,"SP","São Paulo"
"371","https://dadosabertos.camara.leg.br/api/v2/deputados/204395","Pedro Lupion",56,56,"PEDRO DEBONI LUPION MELLO",NA,"M",NA,NA,1983-06-04,NA,"PR","Curitiba"
"372","https://dadosabertos.camara.leg.br/api/v2/deputados/204396","Vermelho",56,56,"NELSI COGUETTO MARIA",NA,"M",NA,NA,1959-03-01,NA,"PR","Francisco Beltrão"
"373","https://dadosabertos.camara.leg.br/api/v2/deputados/204397","Boca Aberta",56,56,"EMERSON MIGUEL PETRIV",NA,"M",NA,NA,1971-08-07,NA,"PR","Londrina"
"374","https://dadosabertos.camara.leg.br/api/v2/deputados/204398","Felipe Francischini",56,56,"LUIS FELIPE BONATTO FRANCISCHINI",NA,"M",NA,NA,1991-10-02,NA,"PR","Curitiba"
"375","https://dadosabertos.camara.leg.br/api/v2/deputados/204399","Schiavinato",56,56,"JOSE CARLOS SCHIAVINATO",NA,"M",NA,NA,1954-09-12,NA,"PR","Iguaraçu"
"376","https://dadosabertos.camara.leg.br/api/v2/deputados/204400","Aline Sleutjes",56,56,"ALINE SLEUTJES",NA,"F",NA,NA,1979-07-26,NA,"PR","Castro"
"377","https://dadosabertos.camara.leg.br/api/v2/deputados/204403","Marlon Santos",56,56,"MARLON ARATOR SANTOS DA ROSA",NA,"M",NA,NA,1975-09-25,NA,"RS","Cachoeira do Sul"
"378","https://dadosabertos.camara.leg.br/api/v2/deputados/204404","Lucas Redecker",56,56,"LUCAS BELLO REDECKER",NA,"M",NA,NA,1981-05-26,NA,"RS","Novo Hamburgo"
"379","https://dadosabertos.camara.leg.br/api/v2/deputados/204405","Liziane Bayer",56,56,"LIZIANE BAYER DA COSTA",NA,"F",NA,NA,1981-01-24,NA,"RS","São Pedro do Sul"
"380","https://dadosabertos.camara.leg.br/api/v2/deputados/204406","Pedro Westphalen",56,56,"PEDRO BANDARRA WESTPHALEN",NA,"M",NA,NA,1950-12-19,NA,"RS","Cruz Alta"
"381","https://dadosabertos.camara.leg.br/api/v2/deputados/204407","Fernanda Melchionna",56,56,"FERNANDA MELCHIONNA E SILVA",NA,"F",NA,NA,1984-02-02,NA,"RS","Alegrete"
"382","https://dadosabertos.camara.leg.br/api/v2/deputados/204408","Gustinho Ribeiro",56,56,"LUIZ AUGUSTO CARVALHO RIBEIRO FILHO",NA,"M",NA,NA,1982-02-16,NA,"SE","Aracaju"
"383","https://dadosabertos.camara.leg.br/api/v2/deputados/204409","Daniel Trzeciak",56,56,"DANIEL TRZECIAK DUARTE",NA,"M",NA,NA,1986-11-04,NA,"RS","Dom Feliciano"
"384","https://dadosabertos.camara.leg.br/api/v2/deputados/204410","Luisa Canziani",56,56,"LUISA CANZIANI DOS SANTOS SILVEIRA",NA,"F",NA,NA,1996-04-11,NA,"PR","Londrina"
"385","https://dadosabertos.camara.leg.br/api/v2/deputados/204411","Filipe Barros",56,56,"FILIPE BARROS BAPTISTA DE TOLEDO RIBEIRO",NA,"M",NA,NA,1991-05-29,NA,"PR","Londrina"
"386","https://dadosabertos.camara.leg.br/api/v2/deputados/204412","Dr. Zacharias Calil",56,56,"ZACARIAS CALIL HAMU",NA,"M",NA,NA,1953-11-05,NA,"GO","Goiânia"
"387","https://dadosabertos.camara.leg.br/api/v2/deputados/204413","Alcides Rodrigues",56,56,"ALCIDES RODRIGUES FILHO",NA,"M",NA,NA,1950-10-08,NA,"GO","Santa Helena de Goiás"
"388","https://dadosabertos.camara.leg.br/api/v2/deputados/204414","Aroldo Martins",56,56,"JOSE AROLDO SOUZA MARTINS",NA,"M",NA,NA,1961-07-03,NA,"SP","São Paulo"
"389","https://dadosabertos.camara.leg.br/api/v2/deputados/204415","Nereu Crispim",56,56,"NEREU CRISPIM",NA,"M",NA,NA,1963-07-21,NA,"RS","Porto Alegre"
"390","https://dadosabertos.camara.leg.br/api/v2/deputados/204416","Sanderson",56,56,"UBIRATAN ANTUNES SANDERSON",NA,"M",NA,NA,1969-12-01,NA,"RS","Erechim"
"391","https://dadosabertos.camara.leg.br/api/v2/deputados/204418","Luizão Goulart",56,56,"LUIZ GOULARTE ALVES",NA,"M",NA,NA,1962-06-06,NA,"PR","Jandaia do Sul"
"392","https://dadosabertos.camara.leg.br/api/v2/deputados/204419","Glaustin da Fokus",56,56,"GLAUSKSTON BATISTA RIOS",NA,"M",NA,NA,1973-12-22,NA,"GO","Goiânia"
"393","https://dadosabertos.camara.leg.br/api/v2/deputados/204420","Julian Lemos",56,56,"GULLIEM CHARLES BEZERRA LEMOS",NA,"M",NA,NA,1976-01-05,NA,"PB","Campina Grande"
"394","https://dadosabertos.camara.leg.br/api/v2/deputados/204421","Edna Henrique",56,56,"EDNACE ALVES SILVESTRE HENRIQUE",NA,"F",NA,NA,1958-09-04,NA,"BA","Xique-Xique"
"395","https://dadosabertos.camara.leg.br/api/v2/deputados/204422","Ossesio Silva",56,56,"OSSESIO JOSE DA SILVA",NA,"M",NA,NA,1954-12-09,NA,"RJ","Rio de Janeiro"
"396","https://dadosabertos.camara.leg.br/api/v2/deputados/204423","André Ferreira",56,56,"ANDRÉ FERREIRA RODRIGUES",NA,"M",NA,NA,1972-12-10,NA,"PE","Recife"
"397","https://dadosabertos.camara.leg.br/api/v2/deputados/204425","Silvio Costa Filho",56,56,"SILVIO SERAFIM COSTA FILHO",NA,"M",NA,NA,1982-03-05,NA,"PE","Recife"
"398","https://dadosabertos.camara.leg.br/api/v2/deputados/204426","Carlos Veras",56,56,"JOSÉ CARLOS VERAS DOS SANTOS",NA,"M",NA,NA,1981-08-10,NA,"PE","Tabira"
"399","https://dadosabertos.camara.leg.br/api/v2/deputados/204427","Fernando Rodolfo",56,56,"FERNANDO RODOLFO TENORIO DE VASCONCELOS",NA,"M",NA,NA,1983-11-17,NA,"PE","Garanhuns"
"400","https://dadosabertos.camara.leg.br/api/v2/deputados/204428","Marília Arraes",56,56,"MARÍLIA VALENÇA ROCHA ARRAES DE ALENCAR",NA,"F",NA,NA,1984-04-12,NA,"PE","Recife"
"401","https://dadosabertos.camara.leg.br/api/v2/deputados/204429","João H. Campos",56,56,"JOÃO HENRIQUE DE ANDRADE LIMA CAMPOS",NA,"M",NA,NA,1993-11-26,NA,"PE","Recife"
"402","https://dadosabertos.camara.leg.br/api/v2/deputados/204430","Margarete Coelho",56,56,"MARGARETE DE CASTRO COELHO",NA,"F",NA,NA,1961-03-12,NA,"PI","São Raimundo Nonato"
"403","https://dadosabertos.camara.leg.br/api/v2/deputados/204431","Marcos Aurélio Sampaio",56,56,"MARCOS AURÉLIO  PÁDUA RIBEIRO GONÇALVES DE SAMPAIO",NA,"M",NA,NA,1991-09-19,NA,"PI","Teresina"
"404","https://dadosabertos.camara.leg.br/api/v2/deputados/204432","Marina Santos",56,56,"MARINA SANTOS BATISTA DIAS",NA,"F",NA,NA,1980-09-13,NA,"PI","Picos"
"405","https://dadosabertos.camara.leg.br/api/v2/deputados/204433","Marcelo Calero",56,56,"MARCELO CALERO FARIA GARCIA",NA,"M",NA,NA,1982-07-07,NA,"RJ","Rio de Janeiro"
"406","https://dadosabertos.camara.leg.br/api/v2/deputados/204434","Dra. Vanda Milani",56,56,"VANDA DENIR MILANI NOGUEIRA",NA,"F",NA,NA,1953-09-17,NA,"SP","Cedral"
"407","https://dadosabertos.camara.leg.br/api/v2/deputados/204435","Jesus Sérgio",56,56,"JESUS SERGIO DE MENEZES",NA,"M",NA,NA,1973-06-10,NA,"AC","Tarauacá"
"408","https://dadosabertos.camara.leg.br/api/v2/deputados/204436","Isnaldo Bulhões Jr.",56,56,"ISNALDO BULHOES BARROS JUNIOR",NA,"M",NA,NA,1976-10-30,NA,"AL","Maceió"
"409","https://dadosabertos.camara.leg.br/api/v2/deputados/204437","Severino Pessoa",56,56,"SEVERINO DE LIRA PESSÔA",NA,"M",NA,NA,1970-02-06,NA,"AL","Arapiraca"
"410","https://dadosabertos.camara.leg.br/api/v2/deputados/204438","Sergio Toledo",56,56,"SERGIO TOLEDO DE ALBUQUERQUE",NA,"M",NA,NA,1962-01-29,NA,"AL","Maceió"
"411","https://dadosabertos.camara.leg.br/api/v2/deputados/204439","Dr. Leonardo",56,56,"LEONARDO RIBEIRO ALBUQUERQUE",NA,"M",NA,NA,1978-06-14,NA,"GO","Rio Verde"
"412","https://dadosabertos.camara.leg.br/api/v2/deputados/204440","Christino Aureo",56,56,"CHRISTINO AUREO DA SILVA",NA,"M",NA,NA,1962-04-26,NA,"RJ","Macaé"
"413","https://dadosabertos.camara.leg.br/api/v2/deputados/204441","Otoni de Paula",56,56,"OTONI MOURA DE PAULO JUNIOR",NA,"M",NA,NA,1976-11-22,NA,"RJ","Rio de Janeiro"
"414","https://dadosabertos.camara.leg.br/api/v2/deputados/204442","Gurgel",56,56,"JOÃO CARLOS SOARES GURGEL",NA,"M",NA,NA,1980-12-02,NA,"RJ","Rio de Janeiro"
"415","https://dadosabertos.camara.leg.br/api/v2/deputados/204443","Wagner Montes",56,56,"WAGNER MONTES DOS SANTOS",NA,"M",NA,NA,1954-07-18,2019-01-26,"RJ","Rio de Janeiro"
"416","https://dadosabertos.camara.leg.br/api/v2/deputados/204444","Helio Lopes",56,56,"HELIO FERNANDO BARBOSA LOPES",NA,"M",NA,NA,1969-03-28,NA,"RJ","Queimados"
"417","https://dadosabertos.camara.leg.br/api/v2/deputados/204445","Fernando Mineiro",56,56,"FERNANDO WANDERLEY VARGAS DA SILVA",NA,"M",NA,NA,1956-12-06,NA,"MG","Curvelo"
"418","https://dadosabertos.camara.leg.br/api/v2/deputados/204446","Professor Joziel",56,56,"JOZIEL FERREIRA CARLOS",NA,"M",NA,NA,1966-04-22,NA,"RJ","Duque de Caxias"
"419","https://dadosabertos.camara.leg.br/api/v2/deputados/204447","Flordelis",56,56,"FLORDELIS DOS SANTOS DE SOUZA",NA,"F",NA,NA,1961-02-05,NA,"RJ","Rio de Janeiro"
"420","https://dadosabertos.camara.leg.br/api/v2/deputados/204448","Luiz Antônio Corrêa",56,56,"LUIZ ANTONIO C. C. CORRÊA DA SILVA",NA,"M",NA,NA,1940-12-27,NA,"RJ","Rio de Janeiro"
"421","https://dadosabertos.camara.leg.br/api/v2/deputados/204449","Nelson Barbudo",56,56,"NELSON NED PREVIDENTE",NA,"M",NA,NA,1960-02-14,NA,"SP","Poloni"
"422","https://dadosabertos.camara.leg.br/api/v2/deputados/204450","Dr. Luiz Antonio Teixeira Jr.",56,56,"LUIZ ANTONIO DE SOUZA TEIXEIRA JÚNIOR",NA,"M",NA,NA,1973-12-15,NA,"RJ","Nova Iguaçu"
"423","https://dadosabertos.camara.leg.br/api/v2/deputados/204451","Delegado Antônio Furtado",56,56,"ANTÔNIO DA LUZ FURTADO",NA,"M",NA,NA,1972-01-06,NA,"RJ","Rio de Janeiro"
"424","https://dadosabertos.camara.leg.br/api/v2/deputados/204452","Márcio Labre",56,56,"MÁRCIO DA SILVEIRA LABRE",NA,"M",NA,NA,1974-02-27,NA,"RJ","Rio de Janeiro"
"425","https://dadosabertos.camara.leg.br/api/v2/deputados/204453","Natália Bonavides",56,56,"NATÁLIA BASTOS BONAVIDES",NA,"F",NA,NA,1988-06-15,NA,"RN","Natal"
"426","https://dadosabertos.camara.leg.br/api/v2/deputados/204454","Daniel Silveira",56,56,"DANIEL LUCIO DA SILVEIRA",NA,"M",NA,NA,1982-11-25,NA,"RJ","Petrópolis"
"427","https://dadosabertos.camara.leg.br/api/v2/deputados/204455","Luiz Lima",56,56,"LUIZ EDUARDO CARNEIRO DA SILVA DE SOUZA LIMA",NA,"M",NA,NA,1977-12-10,NA,"RJ","Rio de Janeiro"
"428","https://dadosabertos.camara.leg.br/api/v2/deputados/204456","Gutemberg Reis",56,56,"GUTEMBERG REIS DE OLIVEIRA",NA,"M",NA,NA,1979-09-09,NA,"RJ","Duque de Caxias"
"429","https://dadosabertos.camara.leg.br/api/v2/deputados/204457","Juninho do Pneu",56,56,"ROGERIO TEIXEIRA JUNIOR",NA,"M",NA,NA,1976-10-23,NA,"RJ","Nova Iguaçu"
"430","https://dadosabertos.camara.leg.br/api/v2/deputados/204458","Major Fabiana",56,56,"FABIANA SILVA DE SOUZA POUBEL",NA,"F",NA,NA,1980-01-09,NA,"RJ","Rio de Janeiro"
"431","https://dadosabertos.camara.leg.br/api/v2/deputados/204459","Daniela do Waguinho",56,56,"DANIELA MOTE DE SOUZA CARNEIRO",NA,"F",NA,NA,1976-02-10,NA,"RJ","Rio de Janeiro"
"432","https://dadosabertos.camara.leg.br/api/v2/deputados/204460","Carlos Jordy",56,56,"Carlos Roberto Coelho de Mattos Júnior",NA,"M",NA,NA,1982-02-08,NA,"RJ","Niterói"
"433","https://dadosabertos.camara.leg.br/api/v2/deputados/204461","Paulo Ganime",56,56,"PAULO GUSTAVO GANIME ALVES TEIXEIRA",NA,"M",NA,NA,1983-04-19,NA,"RJ","Rio de Janeiro"
"434","https://dadosabertos.camara.leg.br/api/v2/deputados/204462","Chris Tonietto",56,56,"CHRISTINE NOGUEIRA DOS REIS TONIETTO",NA,"F",NA,NA,1991-05-14,NA,"RJ","Rio de Janeiro"
"435","https://dadosabertos.camara.leg.br/api/v2/deputados/204463","Wladimir Garotinho",56,56,"WLADIMIR BARROS ASSED MATHEUS DE OLIVEIRA",NA,"M",NA,NA,1985-01-13,NA,"RJ","Rio de Janeiro"
"436","https://dadosabertos.camara.leg.br/api/v2/deputados/204464","Talíria Petrone",56,56,"TALIRIA PETRONE SOARES",NA,"F",NA,NA,1985-04-09,NA,"RJ","Niterói"
"437","https://dadosabertos.camara.leg.br/api/v2/deputados/204465","Haroldo Cathedral",56,56,"HAROLDO ALVES CAMPOS",NA,"M",NA,NA,1953-05-11,NA,"MG","Itabira"
"438","https://dadosabertos.camara.leg.br/api/v2/deputados/204466","Tereza Nelma",56,56,"TEREZA NELMA DA SILVA PORTO VIANA SOARES",NA,"F",NA,NA,1957-10-07,NA,"AL","Maceió"
"439","https://dadosabertos.camara.leg.br/api/v2/deputados/204467","Professora Rosa Neide",56,56,"ROSA NEIDE SANDES DE ALMEIDA",NA,"F",NA,NA,1963-08-08,NA,"BA","Amargosa"
"440","https://dadosabertos.camara.leg.br/api/v2/deputados/204468","Joenia Wapichana",56,56,"JOENIA BATISTA DE CARVALHO",NA,"F",NA,NA,1973-04-20,NA,"RR","Boa Vista"
"441","https://dadosabertos.camara.leg.br/api/v2/deputados/204469","Manuel Marcos",56,56,"MANUEL MARCOS CARVALHO DE MESQUITA",NA,"M",NA,NA,1972-05-07,NA,"CE","Tianguá"
"442","https://dadosabertos.camara.leg.br/api/v2/deputados/204471","Mara Rocha",56,56,"CYLMARA FERNANDES DA ROCHA GRIPP",NA,"F",NA,NA,1973-09-04,NA,"AC","Rio Branco"
"443","https://dadosabertos.camara.leg.br/api/v2/deputados/204472","José Medeiros",56,56,"JOSE ANTONIO DOS SANTOS MEDEIROS",NA,"M",NA,NA,1970-03-19,NA,"RN","Caicó"
"444","https://dadosabertos.camara.leg.br/api/v2/deputados/204473","General Girão",56,56,"ELIÉSER GIRÃO MONTEIRO FILHO",NA,"M",NA,NA,1955-05-08,NA,"CE","Fortaleza"
"445","https://dadosabertos.camara.leg.br/api/v2/deputados/204474","Juarez Costa",56,56,"JUAREZ ALVES DA COSTA",NA,"M",NA,NA,1960-01-20,NA,"PR","Londrina"
"446","https://dadosabertos.camara.leg.br/api/v2/deputados/204475","Ottaci Nascimento",56,56,"JOSE OTACI BARROSO DO NASCIMENTO",NA,"M",NA,NA,1977-08-18,NA,"AM","Eirunepé"
"447","https://dadosabertos.camara.leg.br/api/v2/deputados/204476","Chiquinho Brazão",56,56,"JOÃO FRANCISCO INÁCIO BRAZÃO",NA,"M",NA,NA,1962-02-22,NA,"RJ","Rio de Janeiro"
"448","https://dadosabertos.camara.leg.br/api/v2/deputados/204477","Felício Laterça",56,56,"FELÍCIO LATERÇA DE ALMEIDA",NA,"M",NA,NA,1967-05-26,NA,"RJ","Campos dos Goytacazes"
"449","https://dadosabertos.camara.leg.br/api/v2/deputados/204478","Vinicius Farah",56,56,"VINICIUS MEDEIROS FARAH",NA,"M",NA,NA,1965-06-21,NA,"RJ","Três Rios"
"450","https://dadosabertos.camara.leg.br/api/v2/deputados/204479","Nicoletti",56,56,"ANTONIO CARLOS NICOLETTI",NA,"M",NA,NA,1981-07-21,NA,"RS","Ijuí"
"451","https://dadosabertos.camara.leg.br/api/v2/deputados/204480","Rogério Correia",56,56,"ROGÉRIO CORREIA DE MOURA BAPTISTA",NA,"M",NA,NA,1958-01-11,NA,"MG","Belo Horizonte"
"452","https://dadosabertos.camara.leg.br/api/v2/deputados/204481","Dr. Jaziel",56,56,"JAZIEL PEREIRA DE SOUSA",NA,"M",NA,NA,1961-05-03,NA,"CE","Camocim"
"453","https://dadosabertos.camara.leg.br/api/v2/deputados/204482","Euclydes Pettersen",56,56,"EUCLYDES MARCOS PETTERSEN NETO",NA,"M",NA,NA,1984-08-15,NA,"MG","Governador Valadares"
"454","https://dadosabertos.camara.leg.br/api/v2/deputados/204483","Vilson da Fetaemg",56,56,"VILSON LUIZ DA SILVA",NA,"M",NA,NA,1957-05-01,NA,"MG","Cláudio"
"455","https://dadosabertos.camara.leg.br/api/v2/deputados/204484","General Peternelli",56,56,"ROBERTO SEBASTIÃO PETERNELLI JUNIOR",NA,"M",NA,NA,1954-08-06,NA,"SP","Ribeirão Preto"
"456","https://dadosabertos.camara.leg.br/api/v2/deputados/204485","Luiz Carlos Motta",56,56,"LUIZ CARLOS MOTTA",NA,"M",NA,NA,1959-04-24,NA,"SP","Ribeirão Preto"
"457","https://dadosabertos.camara.leg.br/api/v2/deputados/204486","Mauro Benevides Filho",56,56,"CARLOS MAURO BENEVIDES FILHO",NA,"M",NA,NA,1959-03-09,NA,"CE","Fortaleza"
"458","https://dadosabertos.camara.leg.br/api/v2/deputados/204487","Capitão Wagner",56,56,"WAGNER SOUSA GOMES",NA,"M",NA,NA,1979-01-21,NA,"SP","SAO PAULO"
"459","https://dadosabertos.camara.leg.br/api/v2/deputados/204488","Célio Studart",56,56,"CELIO STUDART BARBOSA",NA,"M",NA,NA,1987-06-19,NA,"CE","Fortaleza"
"460","https://dadosabertos.camara.leg.br/api/v2/deputados/204489","Robério Monteiro",56,56,"MARCOS ROBERIO RIBEIRO MONTEIRO",NA,"M",NA,NA,1970-02-15,NA,"CE","Itarema"
"461","https://dadosabertos.camara.leg.br/api/v2/deputados/204490","Charlles Evangelista",56,56,"CHARLLES THOMACELLI EVANGELISTA",NA,"M",NA,NA,1984-12-27,NA,"MG","Juiz de Fora"
"462","https://dadosabertos.camara.leg.br/api/v2/deputados/204491","Gilberto Abramo",56,56,"GILBERTO APARECIDO ABRAMO",NA,"M",NA,NA,1966-08-06,NA,"SP","Porto Ferreira"
"463","https://dadosabertos.camara.leg.br/api/v2/deputados/204492","Paulo Guedes",56,56,"PAULO JOSE CARLOS GUEDES",NA,"M",NA,NA,1970-10-01,NA,"MG","Manga"
"464","https://dadosabertos.camara.leg.br/api/v2/deputados/204494","Fred Costa",56,56,"FREDERICO BORGES DA COSTA",NA,"M",NA,NA,1977-07-12,NA,"MG","Belo Horizonte"
"465","https://dadosabertos.camara.leg.br/api/v2/deputados/204495","Airton Faleiro",56,56,"AIRTON LUIZ FALEIRO",NA,"M",NA,NA,1959-03-16,NA,"RS","Tenente Portela"
"466","https://dadosabertos.camara.leg.br/api/v2/deputados/204496","Celso Sabino",56,56,"CELSO SABINO DE OLIVEIRA",NA,"M",NA,NA,1978-08-29,NA,"PA","Belém"
"467","https://dadosabertos.camara.leg.br/api/v2/deputados/204497","Júnior Ferrari",56,56,"JOÃO FERRARI JÚNIOR",NA,"M",NA,NA,1967-07-13,NA,"PA","Oriximiná"
"468","https://dadosabertos.camara.leg.br/api/v2/deputados/204498","Olival Marques",56,56,"OLIVAL HENRIQUE MARQUES DE SOUZA",NA,"M",NA,NA,1982-01-09,NA,"PA","Belém"
"469","https://dadosabertos.camara.leg.br/api/v2/deputados/204499","Cássio Andrade",56,56,"CASSIO COELHO ANDRADE",NA,"M",NA,NA,1981-09-12,NA,"BA","Salvador"
"470","https://dadosabertos.camara.leg.br/api/v2/deputados/204500","Eduardo Costa",56,56,"JOSE EDUARDO PEREIRA DA COSTA",NA,"M",NA,NA,1968-02-16,NA,"PA","Belém"
"471","https://dadosabertos.camara.leg.br/api/v2/deputados/204501","Alencar Santana Braga",56,56,"ALENCAR SANTANA BRAGA",NA,"M",NA,NA,1976-03-14,NA,"SP","Guarulhos"
"472","https://dadosabertos.camara.leg.br/api/v2/deputados/204502","Bozzella",56,56,"NICOLINO BOZZELLA JUNIOR",NA,"M",NA,NA,1980-08-17,NA,"SP","Santos"
"473","https://dadosabertos.camara.leg.br/api/v2/deputados/204503","Alexandre Padilha",56,56,"ALEXANDRE ROCHA SANTOS PADILHA",NA,"M",NA,NA,1971-09-14,NA,"SP","São Paulo"
"474","https://dadosabertos.camara.leg.br/api/v2/deputados/204504","Cezinha de Madureira",56,56,"ANTONIO CEZAR CORREIA FREIRE",NA,"M",NA,NA,1973-12-12,NA,"BA","Ipiaú"
"475","https://dadosabertos.camara.leg.br/api/v2/deputados/204505","Vavá Martins",56,56,"WAGNER BACH MARTINS",NA,"M",NA,NA,1982-06-03,NA,"RS","Pelotas"
"476","https://dadosabertos.camara.leg.br/api/v2/deputados/204506","Marcos Pereira",56,56,"MARCOS ANTONIO PEREIRA",NA,"M",NA,NA,1972-04-04,NA,"ES","Linhares"
"477","https://dadosabertos.camara.leg.br/api/v2/deputados/204507","Carla Zambelli",56,56,"CARLA ZAMBELLI SALGADO DE OLIVEIRA",NA,"F",NA,NA,1980-07-03,NA,"SP","Ribeirão Preto"
"478","https://dadosabertos.camara.leg.br/api/v2/deputados/204508","Igor Timo",56,56,"IGOR TARCIANO TIMO",NA,"M",NA,NA,1982-04-10,NA,"MG","Virgem da Lapa"
"479","https://dadosabertos.camara.leg.br/api/v2/deputados/204509","Áurea Carolina",56,56,"ÁUREA CAROLINA DE FREITAS E SILVA",NA,"F",NA,NA,1983-11-20,NA,"PA","Tucuruí"
"480","https://dadosabertos.camara.leg.br/api/v2/deputados/204510","Franco Cartafina",56,56,"FRANCO CARTAFINA GOMES",NA,"M",NA,NA,1986-11-03,NA,"MG","Uberaba"
"481","https://dadosabertos.camara.leg.br/api/v2/deputados/204511","David Soares",56,56,"DAVID BEZERRA RIBEIRO SOARES",NA,"M",NA,NA,1973-12-21,NA,"RJ","Rio de Janeiro"
"482","https://dadosabertos.camara.leg.br/api/v2/deputados/204512","Delegado Marcelo Freitas",56,56,"MARCELO EDUARDO FREITAS",NA,"M",NA,NA,1976-03-04,NA,"MG","Montes Claros"
"483","https://dadosabertos.camara.leg.br/api/v2/deputados/204513","Guiga Peixoto",56,56,"JOSÉ GUILHERME NEGRÃO PEIXOTO",NA,"M",NA,NA,1961-11-13,NA,"SP","Tatuí"
"484","https://dadosabertos.camara.leg.br/api/v2/deputados/204514","Coronel Tadeu",56,56,"MARCIO TADEU ANHAIA DE LEMOS",NA,"M",NA,NA,1965-09-30,NA,"SP","SAO PAULO"
"485","https://dadosabertos.camara.leg.br/api/v2/deputados/204515","André Janones",56,56,"ANDRE LUIS GASPAR JANONES",NA,"M",NA,NA,1984-05-05,NA,"MG","Ituiutaba"
"486","https://dadosabertos.camara.leg.br/api/v2/deputados/204516","Alexis Fonteyne",56,56,"Alexis Joseph Steverlynck Fonteyne",NA,"M",NA,NA,1967-08-19,NA,"SP","Campinas"
"487","https://dadosabertos.camara.leg.br/api/v2/deputados/204517","Zé Vitor",56,56,"JOSE VITOR DE RESENDE AGUIAR",NA,"M",NA,NA,1984-11-01,NA,"MG","Araguari"
"488","https://dadosabertos.camara.leg.br/api/v2/deputados/204518","Dr. Frederico",56,56,"FREDERICO DE CASTRO ESCALEIRA",NA,"M",NA,NA,1977-03-24,NA,"RJ","Teresópolis"
"489","https://dadosabertos.camara.leg.br/api/v2/deputados/204519","Tiago Mitraud",56,56,"TIAGO LIMA MITRAUD DE CASTRO LEITE",NA,"M",NA,NA,1986-08-15,NA,"DF","Brasília"
"490","https://dadosabertos.camara.leg.br/api/v2/deputados/204520","Junio Amaral",56,56,"GERALDO JUNIO DO AMARAL",NA,"M",NA,NA,1987-06-30,NA,"MG","Belo Horizonte"
"491","https://dadosabertos.camara.leg.br/api/v2/deputados/204521","Abou Anni",56,56,"PAULO SERGIO ABOU ANNI",NA,"M",NA,NA,1966-11-06,NA,"SP","São Paulo"
"492","https://dadosabertos.camara.leg.br/api/v2/deputados/204522","Marco Bertaiolli",56,56,"MARCO AURELIO BERTAIOLLI",NA,"M",NA,NA,1968-04-30,NA,"SP","Mogi das Cruzes"
"493","https://dadosabertos.camara.leg.br/api/v2/deputados/204523","Lucas Gonzalez",56,56,"LUCAS DE VASCONCELOS GONZALEZ",NA,"M",NA,NA,1988-12-21,NA,"MG","Belo Horizonte"
"494","https://dadosabertos.camara.leg.br/api/v2/deputados/204524","Pinheirinho",56,56,"ANTÔNIO PINHEIRO NETO",NA,"M",NA,NA,1991-05-30,NA,"MG","Belo Horizonte"
"495","https://dadosabertos.camara.leg.br/api/v2/deputados/204525","Rosana Valle",56,56,"ROSANA DE OLIVEIRA VALLE",NA,"F",NA,NA,1969-05-08,NA,"SP","Santos"
"496","https://dadosabertos.camara.leg.br/api/v2/deputados/204526","Luiz Philippe de Orleans e Bragança",56,56,"LUIZ PHILIPPE DE ORLEANS BRAGANÇA",NA,"M",NA,NA,1969-04-03,NA,"RJ","Rio de Janeiro"
"497","https://dadosabertos.camara.leg.br/api/v2/deputados/204527","Geninho Zuliani",56,56,"EUGENIO JOSÉ ZULIANI",NA,"M",NA,NA,1976-01-13,NA,"SP","Ribeirão Pires"
"498","https://dadosabertos.camara.leg.br/api/v2/deputados/204528","Adriana Ventura",56,56,"ADRIANA MIGUEL VENTURA",NA,"F",NA,NA,1969-03-06,NA,"SP","São Paulo"
"499","https://dadosabertos.camara.leg.br/api/v2/deputados/204529","Policial Katia Sastre",56,56,"KATIA DA SILVA SASTRE",NA,"F",NA,NA,1976-04-04,NA,"SP","São Paulo"
"500","https://dadosabertos.camara.leg.br/api/v2/deputados/204530","Rodrigo Agostinho",56,56,"RODRIGO ANTONIO DE AGOSTINHO MENDONÇA",NA,"M",NA,NA,1977-12-12,NA,"SP","Cafelândia"
"501","https://dadosabertos.camara.leg.br/api/v2/deputados/204531","Guilherme Derrite",56,56,"GUILHERME MURARO DERRITE",NA,"M",NA,NA,1984-10-10,NA,"SP","Sorocaba"
"502","https://dadosabertos.camara.leg.br/api/v2/deputados/204532","Vinicius Poit",56,56,"VINICIUS LAZZER POIT",NA,"M",NA,NA,1986-01-31,NA,"SP","São Bernardo do Campo"
"503","https://dadosabertos.camara.leg.br/api/v2/deputados/204533","Idilvan Alencar",56,56,"ANTONIO IDILVAN DE LIMA ALENCAR",NA,"M",NA,NA,1968-09-23,NA,"CE","Crato"
"504","https://dadosabertos.camara.leg.br/api/v2/deputados/204534","Tabata Amaral",56,56,"TABATA CLAUDIA AMARAL DE PONTES",NA,"F",NA,NA,1993-11-14,NA,"SP","São Paulo"
"505","https://dadosabertos.camara.leg.br/api/v2/deputados/204535","Sâmia Bomfim",56,56,"SAMIA DE SOUZA BOMFIM",NA,"F",NA,NA,1989-08-22,NA,"SP","Presidente Prudente"
"506","https://dadosabertos.camara.leg.br/api/v2/deputados/204536","Kim Kataguiri",56,56,"KIM PATROCA KATAGUIRI",NA,"M",NA,NA,1996-01-28,NA,"SP","Salto"
"507","https://dadosabertos.camara.leg.br/api/v2/deputados/204537","Enrico Misasi",56,56,"ENRICO VAN BLARCUM DE GRAAFF MISASI",NA,"M",NA,NA,1994-08-06,NA,"SP","São Paulo"
"508","https://dadosabertos.camara.leg.br/api/v2/deputados/204538","Paulo Bengtson",56,56,"PAULO EDUARDO MAESTRI BENGTSON",NA,"M",NA,NA,1974-01-06,NA,"BA","Vitória da Conquista"
"509","https://dadosabertos.camara.leg.br/api/v2/deputados/204539","Hercílio Coelho Diniz",56,56,"HERCÍLIO ARAÚJO DINIZ FILHO",NA,"M",NA,NA,1963-09-14,NA,"MG","Governador Valadares"
"510","https://dadosabertos.camara.leg.br/api/v2/deputados/204540","Maria Rosas",56,56,"MARIA DO PARTO MENDES ROSAS",NA,"F",NA,NA,1965-10-01,NA,"RJ","Angra dos Reis"
"511","https://dadosabertos.camara.leg.br/api/v2/deputados/204541","Eduardo Bismarck",56,56,"EDUARDO HENRIQUE MAIA BISMARCK",NA,"M",NA,NA,1981-11-14,NA,"CE","Fortaleza"
"512","https://dadosabertos.camara.leg.br/api/v2/deputados/204542","Denis Bezerra",56,56,"DENIS ANDERSON DA ROCHA BEZERRA",NA,"M",NA,NA,1980-03-17,NA,"CE","Fortaleza"
"513","https://dadosabertos.camara.leg.br/api/v2/deputados/204543","Luiz Flávio Gomes",56,56,"LUIZ FLAVIO GOMES",NA,"M",NA,NA,1957-05-06,2020-04-01,"SP","Sud Menucci"
"514","https://dadosabertos.camara.leg.br/api/v2/deputados/204544","Alexandre Frota",56,56,"ALEXANDRE FROTA DE ANDRADE",NA,"M",NA,NA,1963-10-14,NA,"RJ","Rio de Janeiro"
"515","https://dadosabertos.camara.leg.br/api/v2/deputados/204545","Alê Silva",56,56,"ALESSANDRA DA SILVA",NA,"F",NA,NA,1974-07-04,NA,"RJ","Petrópolis"
"516","https://dadosabertos.camara.leg.br/api/v2/deputados/204546","Joice Hasselmann",56,56,"JOICE CRISTINA HASSELMANN",NA,"F",NA,NA,1978-01-29,NA,"PR","Ponta Grossa"
"517","https://dadosabertos.camara.leg.br/api/v2/deputados/204547","Léo Motta",56,56,"ELIEL MÁRCIO DO CARMO",NA,"M",NA,NA,1973-10-26,NA,"MG","Contagem"
"518","https://dadosabertos.camara.leg.br/api/v2/deputados/204548","Heitor Freire",56,56,"HEITOR RODRIGO PEREIRA FREIRE",NA,"M",NA,NA,1981-10-08,NA,"CE","Juazeiro do Norte"
"519","https://dadosabertos.camara.leg.br/api/v2/deputados/204549","AJ Albuquerque",56,56,"ANTONIO JOSE AGUIAR ALBUQUERQUE",NA,"M",NA,NA,1983-09-26,NA,"CE","Fortaleza"
"520","https://dadosabertos.camara.leg.br/api/v2/deputados/204550","Júnior Mano",56,56,"ANTÔNIO LUIZ RODRIGUES MANO JÚNIOR",NA,"M",NA,NA,1985-04-16,NA,"CE","Nova Russas"
"521","https://dadosabertos.camara.leg.br/api/v2/deputados/204551","Bosco Saraiva",56,56,"JOÃO BOSCO GOMES SARAIVA",NA,"M",NA,NA,1959-10-10,NA,"AM","Manaus"
"522","https://dadosabertos.camara.leg.br/api/v2/deputados/204552","Eduardo Braide",56,56,"EDUARDO SALIM BRAIDE",NA,"M",NA,NA,1976-01-12,NA,"MA","São Luís"
"523","https://dadosabertos.camara.leg.br/api/v2/deputados/204553","Pastor Sargento Isidório",56,56,"MANOEL ISIDORIO DE SANTANA JUNIOR",NA,"M",NA,NA,1962-07-28,NA,"BA","Salvador"
"524","https://dadosabertos.camara.leg.br/api/v2/deputados/204554","Abílio Santana",56,56,"JOSE ABILIO SILVA DE SANTANA",NA,"M",NA,NA,1965-02-13,NA,"BA","Salvador"
"525","https://dadosabertos.camara.leg.br/api/v2/deputados/204555","José Ricardo",56,56,"JOSÉ RICARDO WENDLING",NA,"M",NA,NA,1964-06-23,NA,"RS","Montenegro"
"526","https://dadosabertos.camara.leg.br/api/v2/deputados/204556","Marcelo Ramos",56,56,"MARCELO RAMOS RODRIGUES",NA,"M",NA,NA,1973-08-29,NA,"AM","Manaus"
"527","https://dadosabertos.camara.leg.br/api/v2/deputados/204557","Sidney Leite",56,56,"SIDNEY RICARDO DE OLIVEIRA LEITE",NA,"M",NA,NA,1967-04-08,NA,"AM","Manaus"
"528","https://dadosabertos.camara.leg.br/api/v2/deputados/204558","Marcelo Nilo",56,56,"JOSÉ MARCELO DO NASCIMENTO NILO",NA,"M",NA,NA,1955-04-26,NA,"BA","Antas"
"529","https://dadosabertos.camara.leg.br/api/v2/deputados/204559","Zé Neto",56,56,"JOSÉ CERQUEIRA DE SANTANA NETO",NA,"M",NA,NA,1964-03-30,NA,"BA","Feira de Santana"
"530","https://dadosabertos.camara.leg.br/api/v2/deputados/204560","Adolfo Viana",56,56,"ADOLFO VIANA DE CASTRO NETO",NA,"M",NA,NA,1981-02-02,NA,"BA","Salvador"
"531","https://dadosabertos.camara.leg.br/api/v2/deputados/204561","Bira do Pindaré",56,56,"UBIRAJARA DO PINDARÉ ALMEIDA SOUSA",NA,"M",NA,NA,1968-11-01,NA,"MA","Pindaré Mirim"
"532","https://dadosabertos.camara.leg.br/api/v2/deputados/204562","Edilázio Júnior",56,56,"EDILAZIO GOMES DA SILVA JUNIOR",NA,"M",NA,NA,1981-05-04,NA,"MA","São Luís"
"533","https://dadosabertos.camara.leg.br/api/v2/deputados/204563","Josimar Maranhãozinho",56,56,"JOSIMAR CUNHA RODRIGUES",NA,"M",NA,NA,1976-11-13,NA,"CE","Várzea Alegre"
"534","https://dadosabertos.camara.leg.br/api/v2/deputados/204564","Igor Kannário",56,56,"ANDERSON MACHADO DE JESUS",NA,"M",NA,NA,1984-11-29,NA,"BA","Salvador"
"535","https://dadosabertos.camara.leg.br/api/v2/deputados/204565","Professora Dayane Pimentel",56,56,"DAYANE JAMILLE CARNEIRO DOS SANTOS PIMENTEL",NA,"F",NA,NA,1986-01-30,NA,"BA","Feira de Santana"
"536","https://dadosabertos.camara.leg.br/api/v2/deputados/204566","Marreca Filho",56,56,"ANTONIO DA CRUZ FILGUEIRA NETO",NA,"M",NA,NA,1992-04-25,NA,"MA","São Luís"
"537","https://dadosabertos.camara.leg.br/api/v2/deputados/204567","Raimundo Costa",56,56,"RAIMUNDO MAGALHÃES COSTA",NA,"M",NA,NA,1961-03-09,NA,"BA","Valença"
"538","https://dadosabertos.camara.leg.br/api/v2/deputados/204569","Delegado Pablo",56,56,"PABLO OLIVA SOUZA",NA,"M",NA,NA,1976-07-26,NA,"AM","Manaus"
"539","https://dadosabertos.camara.leg.br/api/v2/deputados/204570","Pastor Gil",56,56,"GILDENEMIR DE LIMA SOUSA",NA,"M",NA,NA,1971-11-08,NA,"MA","São Luís"
"540","https://dadosabertos.camara.leg.br/api/v2/deputados/204571","Alex Santana",56,56,"ALEX MARCO SANTANA SOUSA",NA,"M",NA,NA,1972-06-22,NA,"BA","Salvador"
"541","https://dadosabertos.camara.leg.br/api/v2/deputados/204572","Capitão Alberto Neto",56,56,"ALBERTO BARROS CAVALCANTE NETO",NA,"M",NA,NA,1982-05-05,NA,"CE","Fortaleza"
"542","https://dadosabertos.camara.leg.br/api/v2/deputados/204573","Otto Alencar Filho",56,56,"OTTO ROBERTO MENDONÇA DE ALENCAR FILHO",NA,"M",NA,NA,1977-07-07,NA,"BA","Salvador"
"543","https://dadosabertos.camara.leg.br/api/v2/deputados/204574","Junior Lourenço",56,56,"JOSE LOURENÇO BOMFIM JUNIOR",NA,"M",NA,NA,1978-10-18,NA,"MA","São Luís"
"544","https://dadosabertos.camara.leg.br/api/v2/deputados/204575","Gil Cutrim",56,56,"GILLIANO FRED NASCIMENTO CUTRIM",NA,"M",NA,NA,1979-10-26,NA,"MA","São Luís"
"545","https://dadosabertos.camara.leg.br/api/v2/deputados/204576","João Roma",56,56,"JOÃO INÁCIO RIBEIRO ROMA NETO",NA,"M",NA,NA,1972-11-17,NA,"PE","Recife"
"546","https://dadosabertos.camara.leg.br/api/v2/deputados/205476","Charles Fernandes",56,56,"CHARLES FERNANDES SILVEIRA SANTANA",NA,"M",NA,NA,1965-03-15,NA,"BA","Guanambi"
"547","https://dadosabertos.camara.leg.br/api/v2/deputados/205535","Patricia Ferraz",56,56,"PATRICIA LIMA FERRAZ",NA,"F",NA,NA,1980-01-09,NA,"MG","Belo Horizonte"
"548","https://dadosabertos.camara.leg.br/api/v2/deputados/205548","David Miranda",56,56,"DAVID MICHAEL DOS SANTOS MIRANDA",NA,"M",NA,NA,1985-05-10,NA,"RJ","Rio de Janeiro"
"549","https://dadosabertos.camara.leg.br/api/v2/deputados/205550","Jorge Braz",56,56,"JORGE BRAZ DE OLIVEIRA",NA,"M",NA,NA,1953-07-13,NA,"MG","Palma"
"550","https://dadosabertos.camara.leg.br/api/v2/deputados/205863","Marcelo Brum",56,56,"MARCELO DE BRUM DA COSTA",NA,"M",NA,NA,1972-11-25,NA,"RS","Santiago"
"551","https://dadosabertos.camara.leg.br/api/v2/deputados/205865","Reinhold Stephanes Junior",56,56,"REINHOLD STEPHANES JUNIOR",NA,"M",NA,NA,1965-07-26,NA,"PR","Curitiba"
"552","https://dadosabertos.camara.leg.br/api/v2/deputados/206231","Ted Conti",56,56,"JOÃO BATISTA CONTI",NA,"M",NA,NA,1964-12-28,NA,"ES","Muqui"
"553","https://dadosabertos.camara.leg.br/api/v2/deputados/207176","Bia Cavassa",56,56,"BEATRIZ ROSALIA RIBEIRO CAVASSA DE OLIVEIRA",NA,"F",NA,NA,1969-01-14,NA,"MS","Corumbá"
"554","https://dadosabertos.camara.leg.br/api/v2/deputados/207309","Enéias Reis",56,56,"ENEIAS JOSÉ DOS REIS",NA,"M",NA,NA,1972-11-05,NA,"MG","Coronel Fabriciano"
"555","https://dadosabertos.camara.leg.br/api/v2/deputados/209189","Joseildo Ramos",56,56,"JOSEILDO RIBEIRO RAMOS",NA,"M",NA,NA,1957-08-23,NA,"BA","Alagoinhas"
"556","https://dadosabertos.camara.leg.br/api/v2/deputados/211649","Ricardo Pericar",56,56,"RICARDO DE SOUZA COSTA",NA,"M",NA,NA,1966-03-04,NA,"RJ","Rio de Janeiro"
"557","https://dadosabertos.camara.leg.br/api/v2/deputados/211866","Fabiano Tolentino",56,56,"FABIANO GALLETTI TOLENTINO",NA,"M",NA,NA,1974-02-25,NA,"MG","Belo Horizonte"
"558","https://dadosabertos.camara.leg.br/api/v2/deputados/212504","Fernando Borja",56,56,"FERNANDO BORJA PINTO",NA,"M",NA,NA,1965-08-16,NA,"MG","Belo Horizonte"
"559","https://dadosabertos.camara.leg.br/api/v2/deputados/212625","Dr. Gonçalo",56,56,"ANTONIO ELIZABETH GONÇALO DE SOUSA",NA,"M",NA,NA,1953-07-08,NA,"MA","Pastos Bons"
"560","https://dadosabertos.camara.leg.br/api/v2/deputados/212749","Marcão Gomes",56,56,"MARCUS WELBER GOMES DA SILVA",NA,"M",NA,NA,1974-09-10,NA,"RJ","Rio de Janeiro"
"561","https://dadosabertos.camara.leg.br/api/v2/deputados/213274","Ricardo Silva",56,56,"RICARDO AUGUSTO MACHADO DA SILVA",NA,"M",NA,NA,1985-09-01,NA,"SP","Ribeirão Preto"
"562","https://dadosabertos.camara.leg.br/api/v2/deputados/213679","Dr. João",56,56,"JOÃO ANTONIO HOLANDA CALDAS",NA,"M",NA,NA,1990-03-21,NA,"AL","Maceió"
"563","https://dadosabertos.camara.leg.br/api/v2/deputados/213762","Carla Dickson",56,56,"HILKEA CARLA DE SOUZA MEDEIROS LIMA",NA,"F",NA,NA,1976-07-02,NA,"PA","Belém"
"564","https://dadosabertos.camara.leg.br/api/v2/deputados/213854","Dr. Agripino Magalhães",56,56,"AGRIPINO RODRIGUES GOMES MAGALHÃES",NA,"M",NA,NA,1954-06-23,NA,"CE","Boa Viagem"
"565","https://dadosabertos.camara.leg.br/api/v2/deputados/213856","Deuzinho Filho",56,56,"FRANCISCO DEUZINHO DE OLIVEIRA FILHO",NA,"M",NA,NA,1975-09-20,NA,"CE","Caucaia"
"566","https://dadosabertos.camara.leg.br/api/v2/deputados/214445","Nilson F. Stainsack",56,56,"NILSON FRANCISCO STAINSACK",NA,"M",NA,NA,1963-08-27,NA,"SC","Presidente Getúlio"
"567","https://dadosabertos.camara.leg.br/api/v2/deputados/214477","Renato Queiroz",56,56,"RENATO ANDRADE QUEIROZ",NA,"M",NA,NA,1983-12-31,NA,"RR","Boa Vista"
"568","https://dadosabertos.camara.leg.br/api/v2/deputados/214694","Jorge Goetten",56,56,"JORGE GOETTEN DE LIMA",NA,"M",NA,NA,1962-04-10,NA,"SC","Itajaí"
"569","https://dadosabertos.camara.leg.br/api/v2/deputados/215042","Ricardo da Karol",56,56,"RICARDO CORREA DE BARROS",NA,"M",NA,NA,1959-10-27,NA,"RJ","Magé"
"570","https://dadosabertos.camara.leg.br/api/v2/deputados/215043","Josivaldo JP",56,56,"JOSIVALDO DOS SANTOS MELO",NA,"M",NA,NA,1983-11-29,NA,"MA","Imperatriz"
"571","https://dadosabertos.camara.leg.br/api/v2/deputados/215044","Vivi Reis",56,56,"VIVIANE DA COSTA REIS",NA,"F",NA,NA,1991-08-05,NA,"PA","Belém"
"572","https://dadosabertos.camara.leg.br/api/v2/deputados/215045","Pedro Augusto Palareti",56,56,"PEDRO AUGUSTO PALARETI",NA,"M",NA,NA,1963-05-08,NA,"SP","Ribeirão Preto"
"573","https://dadosabertos.camara.leg.br/api/v2/deputados/215361","Rachel Marques",56,56,"RACHEL XIMENES MARQUES",NA,"F",NA,NA,1961-11-05,NA,"CE","Fortaleza"
