id_parlamentar;id_parlamentar_parlametria;casa;legislatura;nome;partido;uf;situacao;em_exercicio;governismo;disciplina;partido_disciplina;partido_atual;votos_validos;num_seguiu;bancada_suficiente;;;;;;;;;;
5012;25012;senado;54;Randolfe Rodrigues;REDE;AP;Titular;1;-10;0,961038961;REDE;REDE;77;74;FALSO;;;;;;;;;;
152605;1152605;camara;53;Glauber Braga;PSOL;RJ;Titular;1;-10;0,951263538;PSOL;PSOL;554;527;VERDADEIRO;;;;;;;;;;
5973;25973;senado;56;Cid Gomes;PDT;CE;Titular;1;-9,165510253;0,909090909;PDT;PDT;33;30;VERDADEIRO;;;;;;;;;;
204509;1204509;camara;56;Áurea Carolina;PSOL;MG;Titular;1;-9,108778618;0,936868687;PSOL;PSOL;396;371;VERDADEIRO;;;;;;;;;;
5236;25236;senado;55;Reguffe;PODEMOS;DF;Titular;1;-9,043684967;0,6;PODEMOS;PODEMOS;70;42;VERDADEIRO;;;;;;;;;;
5236;25236;senado;55;Reguffe;PODEMOS;DF;Titular;1;-9,043684967;0;SPARTIDO;PODEMOS;8;0;;;;;;;;;;;
73531;173531;camara;51;Ivan Valente;PSOL;SP;Titular;1;-8,683341311;0,934579439;PSOL;PSOL;535;500;VERDADEIRO;;;;;;;;;;
5783;25783;senado;56;Zenaide Maia;PROS;RN;Titular;1;-8,464380138;0,513513514;PROS;PROS;74;38;VERDADEIRO;;;;;;;;;;
204407;1204407;camara;56;Fernanda Melchionna;PSOL;RS;Titular;1;-8,160062819;0,932692308;PSOL;PSOL;520;485;VERDADEIRO;;;;;;;;;;
204501;1204501;camara;56;Alencar Santana Braga;PT;SP;Titular;1;-7,739540273;0,950561798;PT;PT;445;423;VERDADEIRO;;;;;;;;;;
5953;25953;senado;56;Fabiano Contarato;REDE;ES;Titular;1;-7,736305523;0,933333333;REDE;REDE;75;70;FALSO;;;;;;;;;;
204480;1204480;camara;56;Rogério Correia;PT;MG;Titular;1;-7,668715398;0,940613027;PT;PT;522;491;VERDADEIRO;;;;;;;;;;
76874;176874;camara;56;Marcelo Freixo;PSOL;RJ;Titular;1;-7,627966693;0,951851852;PSOL;PSOL;540;514;VERDADEIRO;;;;;;;;;;
178825;1178825;camara;55;Leo De Brito;PT;AC;Titular;1;-7,619135973;0,952054795;PT;PT;146;139;VERDADEIRO;;;;;;;;;;
171617;1171617;camara;54;Paulão;PT;AL;Titular;1;-7,538125476;0,945075758;PT;PT;528;499;VERDADEIRO;;;;;;;;;;
204464;1204464;camara;56;Talíria Petrone;PSOL;RJ;Titular;1;-7,481632527;0,933908046;PSOL;PSOL;348;325;VERDADEIRO;;;;;;;;;;
5008;25008;senado;54;Humberto Costa;PT;PE;Titular;1;-7,33783249;0,98630137;PT;PT;73;72;VERDADEIRO;;;;;;;;;;
204453;1204453;camara;56;Natália Bonavides;PT;RN;Titular;1;-7,325911236;0,953907816;PT;PT;499;476;VERDADEIRO;;;;;;;;;;
134812;1134812;camara;55;Edmilson Rodrigues;PSOL;PA;Titular;0;-7,312434517;0,945107399;PSOL;PSOL;419;396;VERDADEIRO;;;;;;;;;;
135054;1135054;camara;56;Cristiano Vale;PL;PA;Titular;1;4,235765087;0,900763359;PL;PL;524;472;VERDADEIRO;;;;;;;;;;
160538;1160538;camara;54;Bohn Gass;PT;RS;Titular;1;-7,188608474;0,943609023;PT;PT;532;502;VERDADEIRO;;;;;;;;;;
74398;174398;camara;52;Maria Do Rosário;PT;RS;Titular;1;-7,052715401;0,942604857;PT;PT;453;427;VERDADEIRO;;;;;;;;;;
139285;1139285;camara;53;Lídice Da Mata;PSB;BA;Titular;1;-3,265999376;0,895791583;PSB;PSB;499;447;VERDADEIRO;;;;;;;;;;
5895;25895;senado;56;Jorge Kajuru;CIDADANIA;GO;Titular;1;-6,968684972;1;PATRIOTA;CIDADANIA;1;1;;;;;;;;;;;
5895;25895;senado;56;Jorge Kajuru;CIDADANIA;GO;Titular;1;-6,968684972;0,808823529;CIDADANIA;CIDADANIA;68;55;VERDADEIRO;;;;;;;;;;
159237;1159237;camara;54;Assis Carvalho;PT;PI;Titular;0;-6,899550262;0,952586207;PT;PT;232;221;VERDADEIRO;;;;;;;;;;
178986;1178986;camara;55;Nilto Tatto;PT;SP;Titular;1;-6,848751958;0,948717949;PT;PT;507;481;VERDADEIRO;;;;;;;;;;
374;2374;senado;55;Paulo Rocha;PT;PA;Titular;1;-6,813973184;0,987179487;PT;PT;78;77;VERDADEIRO;;;;;;;;;;
205548;1205548;camara;56;David Miranda;PSOL;RJ;Efetivado;1;-6,691776172;0,920091324;PSOL;PSOL;438;403;VERDADEIRO;;;;;;;;;;
141408;1141408;camara;53;Cleber Verde;REPUBLICANOS;MA;Titular;1;4,008127056;0,784017279;REPUBLICANOS;REPUBLICANOS;463;363;VERDADEIRO;;;;;;;;;;
73433;173433;camara;51;Arlindo Chinaglia;PT;SP;Titular;1;-6,658301752;0,954935622;PT;PT;466;445;VERDADEIRO;;;;;;;;;;
581;2581;senado;56;Jaques Wagner;PT;BA;Titular;1;-6,640137533;0,986486486;PT;PT;74;73;VERDADEIRO;;;;;;;;;;
132504;1132504;camara;55;Enio Verri;PT;PR;Titular;1;-6,60274032;0,949891068;PT;PT;459;436;VERDADEIRO;;;;;;;;;;
345;2345;senado;52;Flávio Arns;REDE;PR;Titular;1;-6,526342903;0,791666667;PODEMOS;PODEMOS;24;19;VERDADEIRO;;;;;;;;;;
345;2345;senado;52;Flávio Arns;REDE;PR;Titular;1;-6,526342903;0,653061224;REDE;PODEMOS;49;32;;;;;;;;;;;
825;2825;senado;52;Paulo Paim;PT;RS;Titular;1;-6,474892034;0,986486486;PT;PT;74;73;VERDADEIRO;;;;;;;;;;
204535;1204535;camara;56;Sâmia Bomfim;PSOL;SP;Titular;1;-6,459903485;0,944897959;PSOL;PSOL;490;463;VERDADEIRO;;;;;;;;;;
141488;1141488;camara;53;Paulo Teixeira;PT;SP;Titular;1;-6,366428474;0,947368421;PT;PT;437;414;VERDADEIRO;;;;;;;;;;
74371;174371;camara;52;Rubens Otoni;PT;GO;Titular;1;-6,343220016;0,957683742;PT;PT;449;430;VERDADEIRO;;;;;;;;;;
5352;25352;senado;56;Rogério Carvalho;PT;SE;Titular;1;-6,279394123;1;PT;PT;72;72;VERDADEIRO;;;;;;;;;;
160569;1160569;camara;54;Waldenor Pereira;PT;BA;Titular;1;-6,252549121;0,913419913;PT;PT;462;422;VERDADEIRO;;;;;;;;;;
160556;1160556;camara;54;Padre João;PT;MG;Titular;1;-6,250488336;0,954022989;PT;PT;522;498;VERDADEIRO;;;;;;;;;;
160508;1160508;camara;54;Afonso Florence;PT;BA;Titular;1;-6,222462107;0,949186992;PT;PT;492;467;VERDADEIRO;;;;;;;;;;
204503;1204503;camara;56;Alexandre Padilha;PT;SP;Titular;1;-6,135783749;0,959266802;PT;PT;491;471;VERDADEIRO;;;;;;;;;;
160604;1160604;camara;54;Pedro Uczai;PT;SC;Titular;1;-6,126124752;0,944444444;PT;PT;486;459;VERDADEIRO;;;;;;;;;;
178873;1178873;camara;55;Helder Salomão;PT;ES;Titular;1;-6,101737352;0,93592233;PT;PT;515;482;VERDADEIRO;;;;;;;;;;
204467;1204467;camara;56;Professora Rosa Neide;PT;MT;Titular;1;-6,071770965;0,935238095;PT;PT;525;491;VERDADEIRO;;;;;;;;;;
204492;1204492;camara;56;Paulo Guedes;PT;MG;Titular;1;-6,068640735;0,931481481;PT;PT;540;503;VERDADEIRO;;;;;;;;;;
141516;1141516;camara;53;Paulo Abi-Ackel;PSDB;MG;Titular;1;2,260857878;0,876847291;PSDB;PSDB;406;356;VERDADEIRO;;;;;;;;;;
160575;1160575;camara;54;Erika Kokay;PT;DF;Titular;1;-6,057389269;0,932806324;PT;PT;506;472;VERDADEIRO;;;;;;;;;;
74160;174160;camara;52;Patrus Ananias;PT;MG;Titular;1;-5,91681304;0,947046843;PT;PT;491;465;VERDADEIRO;;;;;;;;;;
178857;1178857;camara;55;Jorge Solla;PT;BA;Titular;1;-5,904361974;0,934108527;PT;PT;516;482;VERDADEIRO;;;;;;;;;;
160592;1160592;camara;54;Zeca Dirceu;PT;PR;Titular;1;-5,794699194;0,941176471;PT;PT;408;384;VERDADEIRO;;;;;;;;;;
178866;1178866;camara;55;Luizianne Lins;PT;CE;Titular;0;-5,785784167;0,943113772;PT;PT;334;315;VERDADEIRO;;;;;;;;;;
160610;1160610;camara;54;Valmir Assunção;PT;BA;Titular;1;-5,770613043;0,944954128;PT;PT;545;515;VERDADEIRO;;;;;;;;;;
204555;1204555;camara;56;José Ricardo;PT;AM;Titular;1;-5,661386242;0,934362934;PT;PT;518;484;VERDADEIRO;;;;;;;;;;
204393;1204393;camara;56;Frei Anastacio Ribeiro;PT;PB;Titular;1;-5,297845573;0,887037037;PT;PT;540;479;VERDADEIRO;;;;;;;;;;
178889;1178889;camara;55;Zé Carlos;PT;MA;Titular;1;-5,24493642;0,921787709;PT;PT;537;495;VERDADEIRO;;;;;;;;;;
107283;1107283;camara;56;Gleisi Hoffmann;PT;PR;Titular;1;-5,235706823;0,950146628;PT;PT;341;324;VERDADEIRO;;;;;;;;;;
146788;1146788;camara;55;Marcelo Aro;PP;MG;Titular;1;5,425280031;0,950520833;PP;PP;384;365;VERDADEIRO;;;;;;;;;;
141464;1141464;camara;53;José Airton Félix Cirilo;PT;CE;Titular;1;-5,231034825;0,946784922;PT;PT;451;427;VERDADEIRO;;;;;;;;;;
73482;173482;camara;51;Henrique Fontana;PT;RS;Titular;1;-5,168964691;0,934653465;PT;PT;505;472;VERDADEIRO;;;;;;;;;;
204495;1204495;camara;56;Airton Faleiro;PT;PA;Titular;1;-5,139610817;0,904572565;PT;PT;503;455;VERDADEIRO;;;;;;;;;;
73604;173604;camara;51;Rui Falcão;PT;SP;Titular;1;-5,080705404;0,939508507;PT;PT;529;497;VERDADEIRO;;;;;;;;;;
141335;1141335;camara;52;Beto Faro;PT;PA;Titular;1;-5,022914337;0,953358209;PT;PT;536;511;VERDADEIRO;;;;;;;;;;
74400;174400;camara;52;Paulo Pimenta;PT;RS;Titular;1;-5,003803916;0,942643392;PT;PT;401;378;VERDADEIRO;;;;;;;;;;
157130;1157130;camara;56;Túlio Gadêlha;PDT;PE;Titular;1;-3,084707714;0,800804829;PDT;PDT;497;398;VERDADEIRO;;;;;;;;;;
74283;174283;camara;52;Vicentinho;PT;SP;Titular;1;-4,978703072;0,944337812;PT;PT;521;492;VERDADEIRO;;;;;;;;;;
141398;1141398;camara;53;Carlos Zarattini;PT;SP;Titular;1;-4,910846485;0,943310658;PT;PT;441;416;VERDADEIRO;;;;;;;;;;
204428;1204428;camara;56;Marília Arraes;PT;PE;Titular;1;-4,764997407;0,946386946;PT;PT;429;406;VERDADEIRO;;;;;;;;;;
5411;25411;senado;56;Weverton;PDT;MA;Titular;1;-4,748152586;0,796875;PDT;PDT;64;51;VERDADEIRO;;;;;;;;;;
178970;1178970;camara;55;João Daniel;PT;SE;Titular;1;-4,725263137;0,944337812;PT;PT;521;492;VERDADEIRO;;;;;;;;;;
188097;1188097;camara;55;Merlong Solano;PT;PI;Efetivado;1;-4,71543331;0,931174089;PT;PT;247;230;VERDADEIRO;;;;;;;;;;
92172;192172;camara;56;Milton Coelho;PSB;PE;Efetivado;1;-4,701651541;0,823529412;PSB;PSB;51;42;VERDADEIRO;;;;;;;;;;
141470;1141470;camara;53;José Guimarães;PT;CE;Titular;1;-4,65301029;0,934156379;PT;PT;486;454;VERDADEIRO;;;;;;;;;;
160535;1160535;camara;54;Marcon;PT;RS;Titular;1;-4,553898431;0,947046843;PT;PT;491;465;VERDADEIRO;;;;;;;;;;
204370;1204370;camara;56;Célio Moura;PT;TO;Titular;1;-4,519389262;0,940239044;PT;PT;502;472;VERDADEIRO;;;;;;;;;;
74376;174376;camara;52;Vander Loubet;PT;MS;Titular;1;-4,435676556;0,951882845;PT;PT;478;455;VERDADEIRO;;;;;;;;;;
74156;174156;camara;52;Leonardo Monteiro;PT;MG;Titular;1;-4,218194796;0,93125;PT;PT;480;447;VERDADEIRO;;;;;;;;;;
204559;1204559;camara;56;Zé Neto;PT;BA;Titular;1;-4,175387248;0,930232558;PT;PT;430;400;VERDADEIRO;;;;;;;;;;
5533;25533;senado;55;Lasier Martins;PODEMOS;RS;Titular;1;-4,145146444;0,835616438;PODEMOS;PODEMOS;73;61;VERDADEIRO;;;;;;;;;;
73701;173701;camara;54;Benedita Da Silva;PT;RJ;Titular;1;-4,119187424;0,933884298;PT;PT;484;452;VERDADEIRO;;;;;;;;;;
178925;1178925;camara;55;Rejane Dias;PT;PI;Titular;1;-4,014745781;0,898947368;PT;PT;475;427;VERDADEIRO;;;;;;;;;;
74784;174784;camara;51;Luiza Erundina;PSOL;SP;Titular;1;-3,975394216;0,883299799;PSOL;PSOL;497;439;VERDADEIRO;;;;;;;;;;
74161;174161;camara;52;Reginaldo Lopes;PT;MG;Titular;1;-3,924843764;0,95483871;PT;PT;465;444;VERDADEIRO;;;;;;;;;;
74159;174159;camara;52;Odair Cunha;PT;MG;Titular;1;-3,820585488;0,933486239;PT;PT;436;407;VERDADEIRO;;;;;;;;;;
69871;169871;camara;55;Bacelar;PODE;BA;Titular;1;-3,733576021;0,235756385;PODEMOS;PODEMOS;509;120;VERDADEIRO;;;;;;;;;;
178887;1178887;camara;55;Rubens Pereira Júnior;PCdoB;MA;Titular;0;-3,72809382;0,724489796;PCdoB;PCdoB;98;71;VERDADEIRO;;;;;;;;;;
5905;25905;senado;56;Rodrigo Cunha;PSDB;AL;Titular;1;-3,710148325;0,739726027;PSDB;PSDB;73;54;VERDADEIRO;;;;;;;;;;
160570;1160570;camara;54;Jerônimo Goergen;PP;RS;Titular;1;3,44262434;0,887468031;PP;PP;391;347;VERDADEIRO;;;;;;;;;;
204561;1204561;camara;56;Bira Do Pindaré;PSB;MA;Titular;1;-3,654088858;0,868173258;PSB;PSB;531;461;VERDADEIRO;;;;;;;;;;
5959;25959;senado;56;Styvenson Valentim;PODEMOS;RN;Titular;1;-3,52455387;0,864864865;PODEMOS;PODEMOS;74;64;VERDADEIRO;;;;;;;;;;
5982;25982;senado;56;Alessandro Vieira;CIDADANIA;SE;Titular;1;-3,519933798;0,905405405;CIDADANIA;CIDADANIA;74;67;VERDADEIRO;;;;;;;;;;
160511;1160511;camara;54;Alessandro Molon;PSB;RJ;Titular;1;-3,456587811;0,904051173;PSB;PSB;469;424;VERDADEIRO;;;;;;;;;;
204389;1204389;camara;56;Elias Vaz;PSB;GO;Titular;1;-3,358983661;0,853658537;PSB;PSB;574;490;VERDADEIRO;;;;;;;;;;
204352;1204352;camara;56;Camilo Capiberibe;PSB;AP;Titular;1;-3,303736888;0,898876404;PSB;PSB;534;480;VERDADEIRO;;;;;;;;;;
5748;25748;senado;56;Veneziano Vital do Rêgo;MDB;PB;Titular;1;-3,248096792;0,673076923;PSB;MDB;52;35;;;;;;;;;;;
5748;25748;senado;56;Veneziano Vital do Rêgo;MDB;PB;Titular;1;-3,248096792;0,5;MDB;MDB;12;6;VERDADEIRO;;;;;;;;;;
74057;174057;camara;52;Alice Portugal;PCdoB;BA;Titular;1;-3,190726566;0,904255319;PCdoB;PCdoB;564;510;VERDADEIRO;;;;;;;;;;
5718;25718;senado;56;Eliziane Gama;CIDADANIA;MA;Titular;1;-3,182096603;0,827586207;CIDADANIA;CIDADANIA;58;48;VERDADEIRO;;;;;;;;;;
160601;1160601;camara;54;Pr. Marco Feliciano;REPUBLICANOS;SP;Titular;1;4,031282135;0,901515152;REPUBLICANOS;REPUBLICANOS;264;238;VERDADEIRO;;;;;;;;;;
5924;25924;senado;56;Oriovisto Guimarães;PODEMOS;PR;Titular;1;-3,164804994;0,846153846;PODEMOS;PODEMOS;65;55;VERDADEIRO;;;;;;;;;;
204394;1204394;camara;56;Gervásio Maia;PSB;PB;Titular;1;-3,122043791;0,881034483;PSB;PSB;580;511;VERDADEIRO;;;;;;;;;;
73801;173801;camara;52;Renildo Calheiros;PCdoB;PE;Titular;1;-3,1074391;0,900369004;PCdoB;PCdoB;542;488;VERDADEIRO;;;;;;;;;;
74060;174060;camara;52;Daniel Almeida;PCdoB;BA;Titular;1;-3,089234596;0,896703297;PCdoB;PCdoB;455;408;VERDADEIRO;;;;;;;;;;
204483;1204483;camara;56;Vilson Da Fetaemg;PSB;MG;Titular;1;-3,058999989;0,876106195;PSB;PSB;565;495;VERDADEIRO;;;;;;;;;;
81055;181055;camara;56;Márcio Jerry;PCdoB;MA;Titular;0;-3,038782253;0,891566265;PCdoB;PCdoB;498;444;VERDADEIRO;;;;;;;;;;
204542;1204542;camara;56;Denis Bezerra;PSB;CE;Titular;1;-3,017117358;0,88277087;PSB;PSB;563;497;VERDADEIRO;;;;;;;;;;
204558;1204558;camara;56;Marcelo Nilo;PSB;BA;Titular;1;-2,99103017;0,890034364;PSB;PSB;582;518;VERDADEIRO;;;;;;;;;;
160641;1160641;camara;54;Professora Marcivania;PCdoB;AP;Titular;1;-2,986157464;0,894;PCdoB;PCdoB;500;447;VERDADEIRO;;;;;;;;;;
5976;25976;senado;56;Eduardo Girão;PODEMOS;CE;Titular;1;-2,896328722;0,794871795;PODEMOS;PODEMOS;78;62;VERDADEIRO;;;;;;;;;;
74848;174848;camara;51;Jandira Feghali;PCdoB;RJ;Titular;1;-2,797158831;0,898635478;PCdoB;PCdoB;513;461;VERDADEIRO;;;;;;;;;;
160653;1160653;camara;54;Roberto De Lucena;PODE;SP;Titular;1;2,336843542;0,717344754;PODEMOS;PODEMOS;467;335;VERDADEIRO;;;;;;;;;;
5376;25376;senado;56;Mara Gabrilli;PSDB;SP;Titular;1;-2,78125806;0,761904762;PSDB;PSDB;42;32;VERDADEIRO;;;;;;;;;;
204468;1204468;camara;56;Joenia Wapichana;REDE;RR;Titular;1;-2,740371804;0,681818182;REDE;REDE;528;360;FALSO;;;;;;;;;;
204533;1204533;camara;56;Idilvan Alencar;PDT;CE;Titular;1;-2,738596619;0,816901408;PDT;PDT;568;464;VERDADEIRO;;;;;;;;;;
178922;1178922;camara;55;Tadeu Alencar;PSB;PE;Titular;1;-2,736175197;0,904878049;PSB;PSB;410;371;VERDADEIRO;;;;;;;;;;
178987;1178987;camara;55;Orlando Silva;PCdoB;SP;Titular;1;-2,718807373;0,885245902;PCdoB;PCdoB;427;378;VERDADEIRO;;;;;;;;;;
204429;1204429;camara;56;João H. Campos;PSB;PE;Titular;0;-2,605502916;0,888888889;PSB;PSB;414;368;VERDADEIRO;;;;;;;;;;
160528;1160528;camara;54;Danilo Cabral;PSB;PE;Titular;1;-2,534801461;0,887755102;PSB;PSB;490;435;VERDADEIRO;;;;;;;;;;
178964;1178964;camara;55;Heitor Schuch;PSB;RS;Titular;1;-2,508092777;0,904958678;PSB;PSB;484;438;VERDADEIRO;;;;;;;;;;
73943;173943;camara;52;Perpétua Almeida;PCdoB;AC;Titular;1;-2,458557679;0,886792453;PCdoB;PCdoB;530;470;VERDADEIRO;;;;;;;;;;
74419;174419;camara;51;Gonzaga Patriota;PSB;PE;Titular;1;-2,447920939;0,890186916;PSB;PSB;428;381;VERDADEIRO;;;;;;;;;;
178927;1178927;camara;55;Aliel Machado;PSB;PR;Titular;1;-2,422850667;0,848970252;PSB;PSB;437;371;VERDADEIRO;;;;;;;;;;
141439;1141439;camara;53;Chico D'angelo;PDT;RJ;Titular;1;-2,414397822;0,892241379;PDT;PDT;464;414;VERDADEIRO;;;;;;;;;;
178951;1178951;camara;55;Rafael Motta;PSB;RN;Titular;1;-2,276873568;0,865470852;PSB;PSB;446;386;VERDADEIRO;;;;;;;;;;
141508;1141508;camara;53;Mauro Nazif;PSB;RO;Titular;1;-2,218838979;0,777192982;PSB;PSB;570;443;VERDADEIRO;;;;;;;;;;
74299;174299;camara;52;Leônidas Cristino;PDT;CE;Titular;1;-2,154706616;0,88952381;PDT;PDT;525;467;VERDADEIRO;;;;;;;;;;
171619;1171619;camara;54;Margarida Salomão;PT;MG;Titular;1;-4,304692861;0,952941176;PT;PT;425;405;VERDADEIRO;;;;;;;;;;
178874;1178874;camara;55;Sergio Vidigal;PDT;ES;Titular;0;-2,062323844;0,819095477;PDT;PDT;398;326;VERDADEIRO;;;;;;;;;;
74439;174439;camara;51;Wolney Queiroz;PDT;PE;Titular;1;-2,06175845;0,905781585;PDT;PDT;467;423;VERDADEIRO;;;;;;;;;;
133968;1133968;camara;56;Paulo Ramos;PDT;RJ;Titular;1;-2,010249773;0,880361174;PDT;PDT;443;390;VERDADEIRO;;;;;;;;;;
133439;1133439;camara;52;André Figueiredo;PDT;CE;Titular;1;-1,938052827;0,904942966;PDT;PDT;526;476;VERDADEIRO;;;;;;;;;;
204530;1204530;camara;56;Rodrigo Agostinho;PSB;SP;Titular;1;-1,877641159;0,720640569;PSB;PSB;562;405;VERDADEIRO;;;;;;;;;;
177282;1177282;camara;54;Subtenente Gonzaga;PDT;MG;Titular;1;-1,854785212;0,822;PDT;PDT;500;411;VERDADEIRO;;;;;;;;;;
73586;173586;camara;51;Júlio Delgado;PSB;MG;Titular;1;-1,844198017;0,828793774;PSB;PSB;514;426;VERDADEIRO;;;;;;;;;;
5666;25666;senado;56;Major Olimpio;PSL;SP;Titular;1;-1,822261921;1;PSL;PSL;61;61;FALSO;;;;;;;;;;
178835;1178835;camara;54;Afonso Motta;PDT;RS;Titular;1;-1,258367703;0,828096118;PDT;PDT;541;448;VERDADEIRO;;;;;;;;;;
178836;1178836;camara;55;Alan Rick;DEM;AC;Titular;1;2,607864147;0,840740741;DEM;DEM;540;454;VERDADEIRO;;;;;;;;;;
141411;1141411;camara;53;Dagoberto Nogueira;PDT;MS;Titular;1;-1,819683442;0,885601578;PDT;PDT;507;449;VERDADEIRO;;;;;;;;;;
204543;1204543;camara;56;Luiz Flávio Gomes;PSB;SP;Titular;0;-1,801834813;0,442176871;PSB;PSB;147;65;VERDADEIRO;;;;;;;;;;
204383;1204383;camara;56;Professor Israel Batista;PV;DF;Titular;1;-1,801125736;0,436432638;PV;PV;527;230;FALSO;;;;;;;;;;
204488;1204488;camara;56;Célio Studart;PV;CE;Titular;1;-1,705696827;0,437392796;PV;PV;583;255;FALSO;;;;;;;;;;
74158;174158;camara;52;Mário Heringer;PDT;MG;Titular;1;-1,678351261;0,901685393;PDT;PDT;356;321;VERDADEIRO;;;;;;;;;;
74467;174467;camara;51;Damião Feliciano;PDT;PB;Titular;1;-1,566155078;0,869668246;PDT;PDT;422;367;VERDADEIRO;;;;;;;;;;
206231;1206231;camara;56;Ted Conti;PSB;ES;Suplente;1;-1,559552498;0,804270463;PSB;PSB;562;452;VERDADEIRO;;;;;;;;;;
204486;1204486;camara;56;Mauro Benevides Filho;PDT;CE;Titular;0;-1,540448891;0,873056995;PDT;PDT;386;337;VERDADEIRO;;;;;;;;;;
5926;25926;senado;56;Lucas Barreto;PSD;AP;Titular;1;-1,536478259;0,753623188;PSD;PSD;69;52;VERDADEIRO;;;;;;;;;;
160598;1160598;camara;54;Flávia Morais;PDT;GO;Titular;1;-1,536214003;0,835955056;PDT;PDT;445;372;VERDADEIRO;;;;;;;;;;
73486;173486;camara;51;Pompeo De Mattos;PDT;RS;Titular;1;-1,489427319;0,835051546;PDT;PDT;485;405;VERDADEIRO;;;;;;;;;;
22;222;senado;56;Esperidião Amin;PP;SC;Titular;1;-1,440931693;0,742857143;PP;PP;70;52;VERDADEIRO;;;;;;;;;;
5322;25322;senado;55;Romário;PODEMOS;RJ;Titular;1;-1,336418923;0,841269841;PODEMOS;PODEMOS;63;53;VERDADEIRO;;;;;;;;;;
204489;1204489;camara;56;Robério Monteiro;PDT;CE;Titular;1;-1,321829632;0,856353591;PDT;PDT;543;465;VERDADEIRO;;;;;;;;;;
2331;22331;senado;55;Rose de Freitas;MDB;ES;Titular;1;-1,179768177;0,705882353;PODEMOS;MDB;51;36;;;;;;;;;;;
2331;22331;senado;55;Rose de Freitas;MDB;ES;Titular;1;-1,179768177;0,545454545;MDB;MDB;11;6;VERDADEIRO;;;;;;;;;;
73460;173460;camara;51;Gustavo Fruet;PDT;PR;Titular;1;-1,092709964;0,77852349;PDT;PDT;447;348;VERDADEIRO;;;;;;;;;;
90;290;senado;51;José Serra;PSDB;SP;Titular;1;-1,03935072;0,841269841;PSDB;PSDB;63;53;VERDADEIRO;;;;;;;;;;
160666;1160666;camara;54;Félix Mendonça Júnior;PDT;BA;Titular;1;-0,996276658;0,824719101;PDT;PDT;445;367;VERDADEIRO;;;;;;;;;;
204435;1204435;camara;56;Jesus Sérgio;PDT;AC;Titular;1;-0,93941947;0,783037475;PDT;PDT;507;397;VERDADEIRO;;;;;;;;;;
4525;24525;senado;54;Fernando Collor;PROS;AL;Titular;1;-0,923460706;0,745762712;PROS;PROS;59;44;VERDADEIRO;;;;;;;;;;
178884;1178884;camara;55;Hildo Rocha;MDB;MA;Titular;1;2,155387148;0,783105023;MDB;MDB;438;343;VERDADEIRO;;;;;;;;;;
178886;1178886;camara;55;Juscelino Filho;DEM;MA;Titular;1;2,949348011;0,870558376;DEM;DEM;394;343;VERDADEIRO;;;;;;;;;;
68720;168720;camara;56;Fábio Henrique;PDT;SE;Titular;1;-0,83071759;0,76779661;PDT;PDT;590;453;VERDADEIRO;;;;;;;;;;
4981;24981;senado;53;Acir Gurgacz;PDT;RO;Titular;1;-0,820970959;0,701492537;PDT;PDT;67;47;VERDADEIRO;;;;;;;;;;
204499;1204499;camara;56;Cássio Andrade;PSB;PA;Titular;1;-0,81326401;0,71686747;PSB;PSB;498;357;VERDADEIRO;;;;;;;;;;
204552;1204552;camara;56;Eduardo Braide;PODE;MA;Titular;0;-0,759978078;0,406639004;PODEMOS;PODEMOS;241;98;VERDADEIRO;;;;;;;;;;
204552;1204552;camara;56;Eduardo Braide;PODE;MA;Titular;0;-0,759978078;0,125581395;PMN;PODEMOS;215;27;;;;;;;;;;;
204541;1204541;camara;56;Eduardo Bismarck;PDT;CE;Titular;1;-0,689133294;0,780530973;PDT;PDT;565;441;VERDADEIRO;;;;;;;;;;
160518;1160518;camara;54;Weliton Prado;PROS;MG;Titular;1;-0,679330331;0,314487633;PROS;PROS;566;178;VERDADEIRO;;;;;;;;;;
178910;1178910;camara;55;Joaquim Passarinho;PSD;PA;Titular;1;3,883818631;0,87414966;PSD;PSD;588;514;VERDADEIRO;;;;;;;;;;
204553;1204553;camara;56;Pastor Sargento Isidório;AVANTE;BA;Titular;1;-0,600362717;0,286238532;AVANTE;AVANTE;545;156;VERDADEIRO;;;;;;;;;;
204360;1204360;camara;56;Silvia Cristina;PDT;RO;Titular;1;-0,596367582;0,751277683;PDT;PDT;587;441;VERDADEIRO;;;;;;;;;;
204534;1204534;camara;56;Tabata Amaral;PDT;SP;Titular;1;-0,594802176;0,512195122;PDT;PDT;533;273;VERDADEIRO;;;;;;;;;;
178931;1178931;camara;55;Luciano Ducci;PSB;PR;Titular;1;-0,491041706;0,671287129;PSB;PSB;505;339;VERDADEIRO;;;;;;;;;;
5942;25942;senado;56;Marcos do Val;PODEMOS;ES;Titular;1;-0,476041729;0,783333333;PODEMOS;PODEMOS;60;47;VERDADEIRO;;;;;;;;;;
204515;1204515;camara;56;André Janones;AVANTE;MG;Titular;1;-0,435607041;0,314782609;AVANTE;AVANTE;575;181;VERDADEIRO;;;;;;;;;;
5537;25537;senado;55;Dário Berger;MDB;SC;Titular;1;-0,382662132;0,710144928;MDB;MDB;69;49;VERDADEIRO;;;;;;;;;;
178842;1178842;camara;55;Jhc;PSB;AL;Titular;0;-0,332200602;0,615384615;PSB;PSB;403;248;VERDADEIRO;;;;;;;;;;
160976;1160976;camara;54;Tiririca;PL;SP;Titular;1;-0,175427211;0,492592593;PL;PL;540;266;VERDADEIRO;;;;;;;;;;
3396;23396;senado;52;Tasso Jereissati;PSDB;CE;Titular;1;-0,085087122;0,930555556;PSDB;PSDB;72;67;VERDADEIRO;;;;;;;;;;
72442;172442;camara;55;Felipe Carreras;PSB;PE;Titular;1;-0,049893253;0,556405354;PSB;PSB;523;291;VERDADEIRO;;;;;;;;;;
204405;1204405;camara;56;Liziane Bayer;PSB;RS;Titular;1;-0,043853265;0,586145648;PSB;PSB;563;330;VERDADEIRO;;;;;;;;;;
4545;24545;senado;53;Jarbas Vasconcelos;MDB;PE;Titular;1;-0,043372115;0,847222222;MDB;MDB;72;61;VERDADEIRO;;;;;;;;;;
1173;21173;senado;55;Wellington Fagundes;PL;MT;Titular;1;0,050086043;0,833333333;PL;PL;72;60;VERDADEIRO;;;;;;;;;;
70;270;senado;51;Renan Calheiros;MDB;AL;Titular;1;0,075969953;0,606060606;MDB;MDB;33;20;VERDADEIRO;;;;;;;;;;
213274;1213274;camara;56;Ricardo Silva;PSB;SP;Efetivado;1;0,150347698;0,590909091;PSB;PSB;264;156;VERDADEIRO;;;;;;;;;;
204544;1204544;camara;56;Alexandre Frota;PSDB;SP;Titular;1;0,202273143;0,868217054;PSL;PSDB;129;112;;;;;;;;;;;
204544;1204544;camara;56;Alexandre Frota;PSDB;SP;Titular;1;0,202273143;0,626598465;PSDB;PSDB;391;245;VERDADEIRO;;;;;;;;;;
178939;1178939;camara;55;Clarissa Garotinho;PROS;RJ;Titular;1;0,223632941;0,430913349;PROS;PROS;427;184;VERDADEIRO;;;;;;;;;;
178832;1178832;camara;55;Leandre;PV;PR;Titular;1;0,31305549;0,672727273;PV;PV;440;296;FALSO;;;;;;;;;;
178946;1178946;camara;55;Soraya Santos;PL;RJ;Titular;1;3,950237487;0,954545455;PL;PL;220;210;VERDADEIRO;;;;;;;;;;
204433;1204433;camara;56;Marcelo Calero;CIDADANIA;RJ;Titular;0;0,366282432;0,810590631;CIDADANIA;CIDADANIA;491;398;VERDADEIRO;;;;;;;;;;
178948;1178948;camara;55;Beto Rosado;PP;RN;Titular;1;3,601694286;0,910299003;PP;PP;301;274;VERDADEIRO;;;;;;;;;;
5527;25527;senado;55;Simone Tebet;MDB;MS;Titular;1;0,567126954;0,911764706;MDB;MDB;68;62;VERDADEIRO;;;;;;;;;;
204571;1204571;camara;56;Alex Santana;PDT;BA;Titular;1;0,648130316;0,551515152;PDT;PDT;495;273;VERDADEIRO;;;;;;;;;;
178833;1178833;camara;55;Alexandre Serfiotis;PSD;RJ;Titular;0;0,648930427;0,643171806;PSD;PSD;454;292;VERDADEIRO;;;;;;;;;;
5988;25988;senado;56;Soraya Thronicke;PSL;MS;Titular;1;0,869702413;0,694444444;PSL;PSL;72;50;FALSO;;;;;;;;;;
204537;1204537;camara;56;Enrico Misasi;PV;SP;Titular;1;0,893728918;0,62571977;PV;PV;521;326;FALSO;;;;;;;;;;
204466;1204466;camara;56;Tereza Nelma;PSDB;AL;Titular;1;0,972791246;0,734741784;PSDB;PSDB;426;313;VERDADEIRO;;;;;;;;;;
204385;1204385;camara;56;Valdevan Noventa;PL;SE;Titular;1;0,984240698;0,797814208;PL;PL;183;146;VERDADEIRO;;;;;;;;;;
204385;1204385;camara;56;Valdevan Noventa;PL;SE;Titular;1;0,984240698;0,364485981;PSC;PL;321;117;;;;;;;;;;;
141518;1141518;camara;53;Paulo Pereira Da Silva;SOLIDARIEDADE;SP;Titular;1;0,988591999;0,66966967;SOLIDARIEDADE;SOLIDARIEDADE;333;223;VERDADEIRO;;;;;;;;;;
204487;1204487;camara;56;Capitão Wagner;PROS;CE;Titular;1;1,006831726;0,565737052;PROS;PROS;502;284;VERDADEIRO;;;;;;;;;;
164360;1164360;camara;54;Carmen Zanotto;CIDADANIA;SC;Titular;1;1,017967061;0,859232176;CIDADANIA;CIDADANIA;547;470;VERDADEIRO;;;;;;;;;;
160589;1160589;camara;54;Bruna Furlan;PSDB;SP;Titular;1;1,020091422;0,760368664;PSDB;PSDB;434;330;VERDADEIRO;;;;;;;;;;
178916;1178916;camara;55;Daniel Coelho;CIDADANIA;PE;Titular;1;1,105702466;0,863905325;CIDADANIA;CIDADANIA;507;438;VERDADEIRO;;;;;;;;;;
160635;1160635;camara;54;Ruy Carneiro;PSDB;PB;Titular;1;1,164290906;0,784968685;PSDB;PSDB;479;376;VERDADEIRO;;;;;;;;;;
5899;25899;senado;56;Vanderlan Cardoso;PSD;GO;Titular;1;1,177523802;0,830188679;PSD;PSD;53;44;VERDADEIRO;;;;;;;;;;
178981;1178981;camara;55;Herculano Passos;MDB;SP;Titular;1;3,267377667;0,813653137;MDB;MDB;542;441;VERDADEIRO;;;;;;;;;;
213854;1213854;camara;56;Dr. Agripino Magalhães;PROS;CE;Suplente;0;1,17890378;0,72;PROS;PROS;25;18;VERDADEIRO;;;;;;;;;;
73466;173466;camara;51;Rubens Bueno;CIDADANIA;PR;Titular;1;1,192302957;0,871794872;CIDADANIA;CIDADANIA;585;510;VERDADEIRO;;;;;;;;;;
178972;1178972;camara;55;Alex Manente;CIDADANIA;SP;Titular;1;1,200107704;0,914893617;CIDADANIA;CIDADANIA;423;387;VERDADEIRO;;;;;;;;;;
161550;1161550;camara;56;Emidinho Madeira;PSB;MG;Titular;1;1,205372623;0,368200837;PSB;PSB;478;176;VERDADEIRO;;;;;;;;;;
204471;1204471;camara;56;Mara Rocha;PSDB;AC;Titular;1;1,20935749;0,743197279;PSDB;PSDB;588;437;VERDADEIRO;;;;;;;;;;
178969;1178969;camara;55;Fábio Mitidieri;PSD;SE;Titular;1;1,258225235;0,71969697;PSD;PSD;396;285;VERDADEIRO;;;;;;;;;;
204357;1204357;camara;56;Rose Modesto;PSDB;MS;Titular;1;1,276945884;0,759322034;PSDB;PSDB;590;448;VERDADEIRO;;;;;;;;;;
74200;174200;camara;51;Gastão Vieira;PROS;MA;Suplente;1;1,277249116;0,593103448;PROS;PROS;435;258;VERDADEIRO;;;;;;;;;;
160587;1160587;camara;54;Fábio Trad;PSD;MS;Titular;1;1,309311291;0,75257732;PSD;PSD;582;438;VERDADEIRO;;;;;;;;;;
141391;1141391;camara;53;Arnaldo Jardim;CIDADANIA;SP;Titular;1;1,333961356;0,862403101;CIDADANIA;CIDADANIA;516;445;VERDADEIRO;;;;;;;;;;
178953;1178953;camara;55;Expedito Netto;PSD;RO;Titular;1;1,337222717;0,70741483;PSD;PSD;499;353;VERDADEIRO;;;;;;;;;;
204573;1204573;camara;56;Otto Alencar Filho;PSD;BA;Titular;1;1,400947906;0,761324042;PSD;PSD;574;437;VERDADEIRO;;;;;;;;;;
191923;1191923;camara;55;Flávio Nogueira;PDT;PI;Titular;1;1,455345765;0,467741935;PDT;PDT;558;261;VERDADEIRO;;;;;;;;;;
178961;1178961;camara;55;Shéridan;PSDB;RR;Titular;1;1,466365501;0,802874743;PSDB;PSDB;487;391;VERDADEIRO;;;;;;;;;;
211866;1211866;camara;56;Fabiano Tolentino;CIDADANIA;MG;Suplente;0;1,469467487;0,943925234;CIDADANIA;CIDADANIA;107;101;VERDADEIRO;;;;;;;;;;
204421;1204421;camara;56;Edna Henrique;PSDB;PB;Titular;1;1,488410619;0,813397129;PSDB;PSDB;418;340;VERDADEIRO;;;;;;;;;;
6027;26027;senado;56;Mecias de Jesus;REPUBLICANOS;RR;Titular;1;1,500466959;1;REPUBLICANOS;REPUBLICANOS;71;71;FALSO;;;;;;;;;;
5523;25523;senado;55;Otto Alencar;PSD;BA;Titular;1;1,504667848;0,791044776;PSD;PSD;67;53;VERDADEIRO;;;;;;;;;;
212504;1212504;camara;56;Fernando Borja;AVANTE;MG;Suplente;0;1,562928042;0,25;AVANTE;AVANTE;52;13;VERDADEIRO;;;;;;;;;;
204403;1204403;camara;56;Marlon Santos;PDT;RS;Titular;1;1,584723505;0,428909953;PDT;PDT;422;181;VERDADEIRO;;;;;;;;;;
74273;174273;camara;52;Jefferson Campos;PSB;SP;Titular;1;1,591644643;0,323325635;PSB;PSB;433;140;VERDADEIRO;;;;;;;;;;
205476;1205476;camara;56;Charles Fernandes;PSD;BA;Titular;1;1,604588575;0,771375465;PSD;PSD;538;415;VERDADEIRO;;;;;;;;;;
160552;1160552;camara;54;Danrlei De Deus Hinterholz;PSD;RS;Titular;1;1,613281593;0,755244755;PSD;PSD;429;324;VERDADEIRO;;;;;;;;;;
178863;1178863;camara;55;Uldurico Junior;PROS;BA;Titular;1;1,628440604;0,702078522;PROS;PROS;433;304;VERDADEIRO;;;;;;;;;;
198783;1198783;camara;56;Emanuel Pinheiro Neto;PTB;MT;Titular;1;1,770053492;0,735966736;PTB;PTB;481;354;VERDADEIRO;;;;;;;;;;
204351;1204351;camara;56;Dr. Luiz Ovando;PSL;MS;Titular;1;5,013054576;0,914233577;PSL;PSL;548;501;VERDADEIRO;;;;;;;;;;
178863;1178863;camara;55;Uldurico Junior;PROS;BA;Titular;1;1,628440604;0;PPL;PROS;26;0;;;;;;;;;;;
5531;25531;senado;55;Elmano Férrer;PP;PI;Titular;1;1,629037847;0,833333333;PP;PP;18;15;VERDADEIRO;;;;;;;;;;
5531;25531;senado;55;Elmano Férrer;PP;PI;Titular;1;1,629037847;0,644067797;PODEMOS;PP;59;38;;;;;;;;;;;
74655;174655;camara;51;Eduardo Barbosa;PSDB;MG;Titular;1;1,632477576;0,854166667;PSDB;PSDB;528;451;VERDADEIRO;;;;;;;;;;
164359;1164359;camara;54;Delegado Waldir;PSL;GO;Titular;1;1,696687191;0,826923077;PSL;PSL;468;387;VERDADEIRO;;;;;;;;;;
204364;1204364;camara;56;Eli Borges;SOLIDARIEDADE;TO;Titular;1;1,701031076;0,790554415;SOLIDARIEDADE;SOLIDARIEDADE;487;385;VERDADEIRO;;;;;;;;;;
204564;1204564;camara;56;Igor Kannário;DEM;BA;Titular;1;1,716820681;0,835294118;DEM;DEM;255;213;VERDADEIRO;;;;;;;;;;
204564;1204564;camara;56;Igor Kannário;DEM;BA;Titular;1;1,716820681;0;PHS;DEM;95;0;;;;;;;;;;;
62881;162881;camara;54;Danilo Forte;PSDB;CE;Suplente;1;1,719189751;0,914473684;PSDB;PSDB;152;139;VERDADEIRO;;;;;;;;;;
204359;1204359;camara;56;Léo Moraes;PODE;RO;Titular;1;1,745874632;0,688581315;PODEMOS;PODEMOS;578;398;VERDADEIRO;;;;;;;;;;
178912;1178912;camara;55;Pedro Cunha Lima;PSDB;PB;Titular;1;1,748673986;0,813559322;PSDB;PSDB;531;432;VERDADEIRO;;;;;;;;;;
178830;1178830;camara;54;Dr. Sinval Malheiros;PODE;SP;Suplente;1;1,77165963;0,796460177;PODEMOS;PODEMOS;113;90;VERDADEIRO;;;;;;;;;;
160512;1160512;camara;54;Aureo Ribeiro;SOLIDARIEDADE;RJ;Titular;1;1,787775059;0,802325581;SOLIDARIEDADE;SOLIDARIEDADE;430;345;VERDADEIRO;;;;;;;;;;
141553;1141553;camara;53;Vanderlei Macris;PSDB;SP;Titular;1;1,791899197;0,85440613;PSDB;PSDB;522;446;VERDADEIRO;;;;;;;;;;
5985;25985;senado;56;Nelsinho Trad;PSD;MS;Titular;1;1,793206118;0,972972973;PSD;PSD;74;72;VERDADEIRO;;;;;;;;;;
204391;1204391;camara;56;José Nelto;PODE;GO;Titular;1;1,801644633;0,772020725;PODEMOS;PODEMOS;386;298;VERDADEIRO;;;;;;;;;;
160655;1160655;camara;54;Ricardo Izar;PP;SP;Titular;1;1,83248923;0,783369803;PP;PP;457;358;VERDADEIRO;;;;;;;;;;
90201;190201;camara;56;Pedro Augusto Bezerra;PTB;CE;Titular;1;1,837129933;0,765834933;PTB;PTB;521;399;VERDADEIRO;;;;;;;;;;
207176;1207176;camara;56;Bia Cavassa;PSDB;MS;Suplente;1;1,869538714;0,843984962;PSDB;PSDB;532;449;VERDADEIRO;;;;;;;;;;
204371;1204371;camara;56;Felipe Rigoni;PSB;ES;Titular;1;0,295070161;0,387096774;PSB;PSB;496;192;VERDADEIRO;;;;;;;;;;
204384;1204384;camara;56;Ney Leprevost;PSD;PR;Titular;0;1,88451808;0,853333333;PSD;PSD;75;64;VERDADEIRO;;;;;;;;;;
178956;1178956;camara;55;Mariana Carvalho;PSDB;RO;Titular;1;1,891954057;0,857142857;PSDB;PSDB;497;426;VERDADEIRO;;;;;;;;;;
204463;1204463;camara;56;Wladimir Garotinho;PSD;RJ;Titular;0;1,920345392;0,839779006;PSD;PSD;362;304;VERDADEIRO;;;;;;;;;;
204375;1204375;camara;56;Leda Sadala;AVANTE;AP;Titular;1;3,065721895;0,667391304;AVANTE;AVANTE;460;307;VERDADEIRO;;;;;;;;;;
204376;1204376;camara;56;Coronel Armando;PSL;SC;Titular;1;5,627590713;0,899470899;PSL;PSL;567;510;VERDADEIRO;;;;;;;;;;
204463;1204463;camara;56;Wladimir Garotinho;PSD;RJ;Titular;0;1,920345392;0;PRP;PSD;14;0;;;;;;;;;;;
204451;1204451;camara;56;Delegado Antônio Furtado;PSL;RJ;Titular;1;1,933405104;0,732495512;PSL;PSL;557;408;VERDADEIRO;;;;;;;;;;
204355;1204355;camara;56;Da Vitoria;CIDADANIA;ES;Titular;1;1,941221794;0,805607477;CIDADANIA;CIDADANIA;535;431;VERDADEIRO;;;;;;;;;;
1023;21023;senado;51;Maria do Carmo Alves;DEM;SE;Titular;1;1,945359046;0,980769231;DEM;DEM;52;51;VERDADEIRO;;;;;;;;;;
204427;1204427;camara;56;Fernando Rodolfo;PL;PE;Titular;1;1,960655039;0,794871795;PL;PL;468;372;VERDADEIRO;;;;;;;;;;
141401;1141401;camara;53;Carlos Bezerra;MDB;MT;Titular;1;1,96707575;0,833333333;MDB;MDB;414;345;VERDADEIRO;;;;;;;;;;
204373;1204373;camara;56;Hélio Costa;REPUBLICANOS;SC;Titular;1;1,967094319;0,627946128;REPUBLICANOS;REPUBLICANOS;594;373;VERDADEIRO;;;;;;;;;;
178992;1178992;camara;55;Vitor Lippi;PSDB;SP;Titular;1;1,969314253;0,852713178;PSDB;PSDB;516;440;VERDADEIRO;;;;;;;;;;
160639;1160639;camara;54;Professora Dorinha Seabra Rezende;DEM;TO;Titular;1;1,973466541;0,847031963;DEM;DEM;438;371;VERDADEIRO;;;;;;;;;;
204358;1204358;camara;56;Beto Pereira;PSDB;MS;Titular;1;1,987672799;0,851778656;PSDB;PSDB;506;431;VERDADEIRO;;;;;;;;;;
178982;1178982;camara;55;Luiz Lauro Filho;PSDB;SP;Efetivado;0;2,025301457;0,863636364;PSDB;PSDB;66;57;VERDADEIRO;;;;;;;;;;
178990;1178990;camara;55;Samuel Moreira;PSDB;SP;Titular;1;2,044036377;0,860544218;PSDB;PSDB;588;506;VERDADEIRO;;;;;;;;;;
73696;173696;camara;53;Angela Amin;PP;SC;Titular;1;2,044592348;0,827402135;PP;PP;562;465;VERDADEIRO;;;;;;;;;;
73772;173772;camara;51;Hermes Parcianello;MDB;PR;Titular;1;2,067133437;0,773420479;MDB;MDB;459;355;VERDADEIRO;;;;;;;;;;
204575;1204575;camara;56;Gil Cutrim;PDT;MA;Titular;1;2,071829807;0,38;PDT;PDT;500;190;VERDADEIRO;;;;;;;;;;
204502;1204502;camara;56;Bozzella;PSL;SP;Titular;1;2,077519547;0,87109375;PSL;PSL;512;446;VERDADEIRO;;;;;;;;;;
5990;25990;senado;56;Carlos Viana;PSD;MG;Titular;1;2,08013391;0,909090909;PSD;PSD;77;70;VERDADEIRO;;;;;;;;;;
204409;1204409;camara;56;Daniel Trzeciak;PSDB;RS;Titular;1;2,0833643;0,8125;PSDB;PSDB;592;481;VERDADEIRO;;;;;;;;;;
178844;1178844;camara;55;Pedro Vilela;PSDB;AL;Efetivado;1;2,096656391;0,890909091;PSDB;PSDB;55;49;VERDADEIRO;;;;;;;;;;
204508;1204508;camara;56;Igor Timo;PODE;MG;Titular;1;2,097329072;0,756944444;PODEMOS;PODEMOS;432;327;VERDADEIRO;;;;;;;;;;
141531;1141531;camara;53;Rodrigo De Castro;PSDB;MG;Titular;1;2,102505321;0,826510721;PSDB;PSDB;513;424;VERDADEIRO;;;;;;;;;;
204397;1204397;camara;56;Boca Aberta;PROS;PR;Titular;1;0,184676301;0,436842105;PROS;PROS;380;166;VERDADEIRO;;;;;;;;;;
204398;1204398;camara;56;Felipe Francischini;PSL;PR;Titular;1;3,836141941;0,921529175;PSL;PSL;497;458;VERDADEIRO;;;;;;;;;;
143084;1143084;camara;56;Tiago Dimas;SOLIDARIEDADE;TO;Titular;1;2,108195556;0,840148699;SOLIDARIEDADE;SOLIDARIEDADE;538;452;VERDADEIRO;;;;;;;;;;
178984;1178984;camara;55;Miguel Haddad;PSDB;SP;Suplente;0;2,127944535;0,866666667;PSDB;PSDB;105;91;VERDADEIRO;;;;;;;;;;
204439;1204439;camara;56;Dr. Leonardo;SOLIDARIEDADE;MT;Titular;1;2,138336333;0,825503356;SOLIDARIEDADE;SOLIDARIEDADE;596;492;VERDADEIRO;;;;;;;;;;
205535;1205535;camara;56;Patricia Ferraz;PODE;AP;Suplente;0;2,15374649;1;PL;PODEMOS;40;40;;;;;;;;;;;
205535;1205535;camara;56;Patricia Ferraz;PODE;AP;Suplente;0;2,15374649;0,662790698;PODEMOS;PODEMOS;86;57;VERDADEIRO;;;;;;;;;;
204406;1204406;camara;56;Pedro Westphalen;PP;RS;Titular;1;4,17441241;0,916071429;PP;PP;560;513;VERDADEIRO;;;;;;;;;;
178989;1178989;camara;55;Renata Abreu;PODE;SP;Titular;1;2,164179414;0,764705882;PODEMOS;PODEMOS;289;221;VERDADEIRO;;;;;;;;;;
204377;1204377;camara;56;Paula Belmonte;CIDADANIA;DF;Titular;1;2,169027021;0,768642447;CIDADANIA;CIDADANIA;523;402;VERDADEIRO;;;;;;;;;;
141427;1141427;camara;53;Fábio Ramalho;MDB;MG;Titular;1;2,176585191;0,789473684;MDB;MDB;418;330;VERDADEIRO;;;;;;;;;;
66828;166828;camara;55;Fausto Pinato;PP;SP;Titular;1;2,206284464;0,85745614;PP;PP;456;391;VERDADEIRO;;;;;;;;;;
178876;1178876;camara;55;Célio Silveira;PSDB;GO;Titular;1;2,241485617;0,851376147;PSDB;PSDB;545;464;VERDADEIRO;;;;;;;;;;
122158;1122158;camara;54;Pedro Paulo;DEM;RJ;Titular;1;2,254529997;0,82448037;DEM;DEM;433;357;VERDADEIRO;;;;;;;;;;
133810;1133810;camara;56;Marcelo Moraes;PTB;RS;Titular;1;2,262942244;0,813084112;PTB;PTB;535;435;VERDADEIRO;;;;;;;;;;
204413;1204413;camara;56;Alcides Rodrigues;PATRIOTA;GO;Titular;1;4,847875893;0;PRP;PATRIOTA;49;0;;;;;;;;;;;
141523;1141523;camara;53;Raul Henry;MDB;PE;Titular;1;2,265532019;0,78200692;MDB;MDB;578;452;VERDADEIRO;;;;;;;;;;
178920;1178920;camara;55;Ricardo Teobaldo;PODE;PE;Titular;1;2,276710802;0,707158351;PODEMOS;PODEMOS;461;326;VERDADEIRO;;;;;;;;;;
204353;1204353;camara;56;Aline Gurgel;REPUBLICANOS;AP;Titular;1;2,277881278;0,724941725;REPUBLICANOS;REPUBLICANOS;429;311;VERDADEIRO;;;;;;;;;;
4770;24770;senado;56;Izalci Lucas;PSDB;DF;Titular;1;2,278461765;0,868421053;PSDB;PSDB;76;66;VERDADEIRO;;;;;;;;;;
178977;1178977;camara;55;Eduardo Cury;PSDB;SP;Titular;1;2,289345049;0,834381551;PSDB;PSDB;477;398;VERDADEIRO;;;;;;;;;;
213762;1213762;camara;56;Carla Dickson;PROS;RN;Suplente;1;2,307294356;0,777777778;PROS;PROS;216;168;VERDADEIRO;;;;;;;;;;
74646;174646;camara;51;Aécio Neves;PSDB;MG;Titular;1;2,307677488;0,839869281;PSDB;PSDB;306;257;VERDADEIRO;;;;;;;;;;
5998;25998;senado;56;Daniella Ribeiro;PP;PB;Titular;1;2,349663185;0,942857143;PP;PP;70;66;VERDADEIRO;;;;;;;;;;
204366;1204366;camara;56;Rodrigo Coelho;PSB;SC;Titular;1;2,355375103;0,216168717;PSB;PSB;569;123;VERDADEIRO;;;;;;;;;;
66179;166179;camara;55;Norma Ayub;DEM;ES;Titular;1;2,357057799;0,842778793;DEM;DEM;547;461;VERDADEIRO;;;;;;;;;;
204426;1204426;camara;56;Carlos Veras;PT;PE;Titular;1;-5,94398896;0,935114504;PT;PT;524;490;VERDADEIRO;;;;;;;;;;
204427;1204427;camara;56;Fernando Rodolfo;PL;PE;Titular;1;1,960655039;0;PHS;PL;18;0;;;;;;;;;;;
35;235;senado;51;Jader Barbalho;MDB;PA;Titular;1;2,367578932;0,9;MDB;MDB;40;36;VERDADEIRO;;;;;;;;;;
74270;174270;camara;52;Gilberto Nascimento;PSC;SP;Titular;1;2,374589859;0,57804878;PSC;PSC;410;237;VERDADEIRO;;;;;;;;;;
5350;25350;senado;56;Jorginho Mello;PL;SC;Titular;1;2,40344328;0,76;PL;PL;75;57;VERDADEIRO;;;;;;;;;;
160758;1160758;camara;54;Domingos Sávio;PSDB;MG;Titular;1;2,411649117;0,917570499;PSDB;PSDB;461;423;VERDADEIRO;;;;;;;;;;
74574;174574;camara;51;Paulo Magalhães;PSD;BA;Suplente;1;2,412378798;0,846315789;PSD;PSD;475;402;VERDADEIRO;;;;;;;;;;
204404;1204404;camara;56;Lucas Redecker;PSDB;RS;Titular;1;2,420329372;0,799331104;PSDB;PSDB;598;478;VERDADEIRO;;;;;;;;;;
197438;1197438;camara;56;Tito;AVANTE;BA;Titular;1;2,429418283;0,57112069;AVANTE;AVANTE;464;265;VERDADEIRO;;;;;;;;;;
160645;1160645;camara;54;Luiz Carlos;PSDB;AP;Titular;1;2,453934653;0,834567901;PSDB;PSDB;405;338;VERDADEIRO;;;;;;;;;;
204382;1204382;camara;56;Loester Trutis;PSL;MS;Titular;1;2,457932651;0,911591356;PSL;PSL;509;464;VERDADEIRO;;;;;;;;;;
204494;1204494;camara;56;Fred Costa;PATRIOTA;MG;Titular;1;2,464006709;0,501002004;PATRIOTA;PATRIOTA;499;250;VERDADEIRO;;;;;;;;;;
204419;1204419;camara;56;Glaustin Da Fokus;PSC;GO;Titular;1;2,472256094;0,564150943;PSC;PSC;530;299;VERDADEIRO;;;;;;;;;;
204557;1204557;camara;56;Sidney Leite;PSD;AM;Titular;1;2,47885234;0,874449339;PSD;PSD;454;397;VERDADEIRO;;;;;;;;;;
214477;1214477;camara;56;Renato Queiroz;MDB;RR;Suplente;0;2,479356805;0,722222222;MDB;MDB;90;65;VERDADEIRO;;;;;;;;;;
178994;1178994;camara;55;Dulce Miranda;MDB;TO;Titular;1;2,495509414;0,82278481;MDB;MDB;553;455;VERDADEIRO;;;;;;;;;;
74693;174693;camara;51;Rodrigo Maia;DEM;RJ;Titular;1;2,499146238;0,816793893;DEM;DEM;131;107;VERDADEIRO;;;;;;;;;;
74749;174749;camara;51;Mauro Lopes;MDB;MG;Titular;1;2,511312614;0,807017544;MDB;MDB;456;368;VERDADEIRO;;;;;;;;;;
204442;1204442;camara;56;Gurgel;PSL;RJ;Titular;1;3,392547252;0,921153846;PSL;PSL;520;479;VERDADEIRO;;;;;;;;;;
74305;174305;camara;51;Roberto Pessoa;PSDB;CE;Titular;0;2,517434127;0,853658537;PSDB;PSDB;246;210;VERDADEIRO;;;;;;;;;;
178839;1178839;camara;55;Jéssica Sales;MDB;AC;Titular;1;2,523319177;0,788118812;MDB;MDB;505;398;VERDADEIRO;;;;;;;;;;
204482;1204482;camara;56;Euclydes Pettersen;PSC;MG;Titular;1;2,549506823;0,589852008;PSC;PSC;473;279;VERDADEIRO;;;;;;;;;;
204478;1204478;camara;56;Vinicius Farah;MDB;RJ;Titular;1;2,550117725;0,81104034;MDB;MDB;471;382;VERDADEIRO;;;;;;;;;;
178966;1178966;camara;55;Geovania De Sá;PSDB;SC;Titular;1;2,553341008;0,827981651;PSDB;PSDB;436;361;VERDADEIRO;;;;;;;;;;
204434;1204434;camara;56;Dra. Vanda Milani;SOLIDARIEDADE;AC;Titular;1;2,553671918;0,857418112;SOLIDARIEDADE;SOLIDARIEDADE;519;445;VERDADEIRO;;;;;;;;;;
5525;25525;senado;55;Omar Aziz;PSD;AM;Titular;1;2,564087694;0,909090909;PSD;PSD;66;60;VERDADEIRO;;;;;;;;;;
178947;1178947;camara;55;Sóstenes Cavalcante;DEM;RJ;Titular;1;2,57294024;0,763736264;DEM;DEM;364;278;VERDADEIRO;;;;;;;;;;
160553;1160553;camara;54;Antonio Brito;PSD;BA;Titular;1;2,580395667;0,857749469;PSD;PSD;471;404;VERDADEIRO;;;;;;;;;;
204511;1204511;camara;56;David Soares;DEM;SP;Titular;1;2,581120585;0,830927835;DEM;DEM;485;403;VERDADEIRO;;;;;;;;;;
213856;1213856;camara;56;Deuzinho Filho;REPUBLICANOS;CE;Suplente;0;2,589902061;0,892857143;REPUBLICANOS;REPUBLICANOS;56;50;VERDADEIRO;;;;;;;;;;
5535;25535;senado;55;Telmário Mota;PROS;RR;Titular;1;2,600320981;0,733333333;PROS;PROS;60;44;VERDADEIRO;;;;;;;;;;
204510;1204510;camara;56;Franco Cartafina;PP;MG;Titular;1;2,635340902;0,878504673;PP;PP;535;470;VERDADEIRO;;;;;;;;;;
204510;1204510;camara;56;Franco Cartafina;PP;MG;Titular;1;2,635340902;0;PHS;PP;18;0;;;;;;;;;;;
171623;1171623;camara;54;Fabio Reis;MDB;SE;Titular;1;2,637045797;0,802177858;MDB;MDB;551;442;VERDADEIRO;;;;;;;;;;
178954;1178954;camara;55;Lucio Mosquini;MDB;RO;Titular;1;2,648695295;0,800524934;MDB;MDB;381;305;VERDADEIRO;;;;;;;;;;
204546;1204546;camara;56;Joice Hasselmann;PSL;SP;Titular;1;2,658646585;0,870879121;PSL;PSL;364;317;VERDADEIRO;;;;;;;;;;
160674;1160674;camara;54;Hugo Motta;REPUBLICANOS;PB;Titular;1;2,66300256;0,677966102;REPUBLICANOS;REPUBLICANOS;413;280;VERDADEIRO;;;;;;;;;;
74165;174165;camara;52;Neucimar Fraga;PR;ES;Titular;0;2,673523316;0,867924528;PSD;PSD;53;46;VERDADEIRO;;;;;;;;;;
204380;1204380;camara;56;Celina Leão;PP;DF;Titular;1;2,69178353;0,879518072;PP;PP;332;292;VERDADEIRO;;;;;;;;;;
92776;192776;camara;54;Stefano Aguiar;PSD;MG;Titular;1;2,696857999;0,87826087;PSD;PSD;460;404;VERDADEIRO;;;;;;;;;;
204565;1204565;camara;56;Professora Dayane Pimentel;PSL;BA;Titular;1;2,697831955;0,886654479;PSL;PSL;547;485;VERDADEIRO;;;;;;;;;;
74478;174478;camara;51;Luciano Bivar;PSL;PE;Titular;1;2,700714087;0,927835052;PSL;PSL;194;180;VERDADEIRO;;;;;;;;;;
215043;1215043;camara;56;Josivaldo Jp;PODE;MA;Efetivado;1;2,704565656;0,866666667;PODEMOS;PODEMOS;60;52;VERDADEIRO;;;;;;;;;;
204566;1204566;camara;56;Marreca Filho;PATRIOTA;MA;Titular;1;2,709249373;0,486784141;PATRIOTA;PATRIOTA;454;221;VERDADEIRO;;;;;;;;;;
178997;1178997;camara;55;Moses Rodrigues;MDB;CE;Titular;1;2,710604256;0,794270833;MDB;MDB;384;305;VERDADEIRO;;;;;;;;;;
677;2677;senado;55;Roberto Rocha;PSDB;MA;Titular;1;2,723963781;0,808823529;PSDB;PSDB;68;55;VERDADEIRO;;;;;;;;;;
204412;1204412;camara;56;Dr. Zacharias Calil;DEM;GO;Titular;1;2,725898499;0,873504274;DEM;DEM;585;511;VERDADEIRO;;;;;;;;;;
90842;190842;camara;56;Santini;PTB;RS;Suplente;1;2,750877667;0,802536232;PTB;PTB;552;443;VERDADEIRO;;;;;;;;;;
160665;1160665;camara;54;Augusto Coutinho;SOLIDARIEDADE;PE;Titular;1;2,751475208;0,828502415;SOLIDARIEDADE;SOLIDARIEDADE;414;343;VERDADEIRO;;;;;;;;;;
160619;1160619;camara;54;José Nunes;PSD;BA;Titular;1;2,768766088;0,858921162;PSD;PSD;482;414;VERDADEIRO;;;;;;;;;;
204474;1204474;camara;56;Juarez Costa;MDB;MT;Titular;1;2,43397587;0,807017544;MDB;MDB;513;414;VERDADEIRO;;;;;;;;;;
204475;1204475;camara;56;Ottaci Nascimento;SOLIDARIEDADE;RR;Titular;1;2,77299433;0,856079404;SOLIDARIEDADE;SOLIDARIEDADE;403;345;VERDADEIRO;;;;;;;;;;
160632;1160632;camara;54;Zé Silva;SOLIDARIEDADE;MG;Titular;1;2,777104897;0,878850103;SOLIDARIEDADE;SOLIDARIEDADE;487;428;VERDADEIRO;;;;;;;;;;
204363;1204363;camara;56;Osires Damaso;PSC;TO;Titular;1;2,778116142;0,591726619;PSC;PSC;556;329;VERDADEIRO;;;;;;;;;;
178858;1178858;camara;55;Mário Negromonte Jr.;PP;BA;Titular;1;2,782251802;0,850094877;PP;PP;527;448;VERDADEIRO;;;;;;;;;;
178895;1178895;camara;55;Misael Varella;PSD;MG;Titular;1;2,783392384;0,879120879;PSD;PSD;455;400;VERDADEIRO;;;;;;;;;;
204539;1204539;camara;56;Hercílio Coelho Diniz;MDB;MG;Titular;1;2,793989028;0,827669903;MDB;MDB;412;341;VERDADEIRO;;;;;;;;;;
204386;1204386;camara;56;Jose Mario Schreiner;DEM;GO;Titular;1;2,795740795;0,875886525;DEM;DEM;564;494;VERDADEIRO;;;;;;;;;;
136811;1136811;camara;52;Afonso Hamm;PP;RS;Titular;1;2,801251666;0,873540856;PP;PP;514;449;VERDADEIRO;;;;;;;;;;
204485;1204485;camara;56;Luiz Carlos Motta;PL;SP;Titular;1;2,809116419;0,869801085;PL;PL;553;481;VERDADEIRO;;;;;;;;;;
178985;1178985;camara;55;Miguel Lombardi;PL;SP;Titular;1;2,810855637;0,860294118;PL;PL;544;468;VERDADEIRO;;;;;;;;;;
74075;174075;camara;51;Elcione Barbalho;MDB;PA;Titular;1;2,813867742;0,817708333;MDB;MDB;384;314;VERDADEIRO;;;;;;;;;;
160600;1160600;camara;54;Arthur Oliveira Maia;DEM;BA;Titular;1;2,814298793;0,885650224;DEM;DEM;446;395;VERDADEIRO;;;;;;;;;;
204477;1204477;camara;56;Felício Laterça;PSL;RJ;Titular;1;2,817410807;0,904411765;PSL;PSL;544;492;VERDADEIRO;;;;;;;;;;
178996;1178996;camara;55;Giovani Feltes;MDB;RS;Titular;1;2,840605468;0,828828829;MDB;MDB;555;460;VERDADEIRO;;;;;;;;;;
141450;1141450;camara;53;Hugo Leal;PSD;RJ;Titular;1;2,845537656;0,870833333;PSD;PSD;480;418;VERDADEIRO;;;;;;;;;;
204459;1204459;camara;56;Daniela Do Waguinho;MDB;RJ;Titular;1;2,860664507;0,820326679;MDB;MDB;551;452;VERDADEIRO;;;;;;;;;;
204500;1204500;camara;56;Eduardo Costa;PTB;PA;Titular;1;2,863405551;0,815631263;PTB;PTB;499;407;VERDADEIRO;;;;;;;;;;
4994;24994;senado;54;Eduardo Braga;MDB;AM;Titular;1;2,863407343;0,942028986;MDB;MDB;69;65;VERDADEIRO;;;;;;;;;;
204381;1204381;camara;56;Luis Miranda;DEM;DF;Titular;1;2,875362926;0,862275449;DEM;DEM;501;432;VERDADEIRO;;;;;;;;;;
204361;1204361;camara;56;Carlos Chiodini;MDB;SC;Titular;1;2,890488281;0,781456954;MDB;MDB;453;354;VERDADEIRO;;;;;;;;;;
160669;1160669;camara;54;Genecias Noronha;SOLIDARIEDADE;CE;Titular;1;2,894543837;0,851111111;SOLIDARIEDADE;SOLIDARIEDADE;450;383;VERDADEIRO;;;;;;;;;;
204505;1204505;camara;56;Vavá Martins;REPUBLICANOS;PA;Titular;1;2,918763226;0,710629921;REPUBLICANOS;REPUBLICANOS;508;361;VERDADEIRO;;;;;;;;;;
204538;1204538;camara;56;Paulo Bengtson;PTB;PA;Titular;1;2,919014647;0,800458716;PTB;PTB;436;349;VERDADEIRO;;;;;;;;;;
178909;1178909;camara;55;Hélio Leite;DEM;PA;Titular;1;2,932922992;0,888888889;DEM;DEM;522;464;VERDADEIRO;;;;;;;;;;
3361;23361;senado;52;José Maranhão;MDB;PB;Titular;1;2,948257497;0,946428571;MDB;MDB;56;53;VERDADEIRO;;;;;;;;;;
204551;1204551;camara;56;Bosco Saraiva;SOLIDARIEDADE;AM;Titular;1;2,970184203;0,854209446;SOLIDARIEDADE;SOLIDARIEDADE;487;416;VERDADEIRO;;;;;;;;;;
178879;1178879;camara;55;Lucas Vergilio;SOLIDARIEDADE;GO;Titular;1;2,974977979;0,776053215;SOLIDARIEDADE;SOLIDARIEDADE;451;350;VERDADEIRO;;;;;;;;;;
179001;1179001;camara;55;Márcio Biolchi;MDB;RS;Titular;1;2,981473332;0,817375887;MDB;MDB;564;461;VERDADEIRO;;;;;;;;;;
204496;1204496;camara;56;Celso Sabino;PSDB;PA;Titular;1;2,984404352;0,756809339;PSDB;PSDB;514;389;VERDADEIRO;;;;;;;;;;
141513;1141513;camara;53;Bilac Pinto;DEM;MG;Titular;1;2,987246219;0,884718499;DEM;DEM;373;330;VERDADEIRO;;;;;;;;;;
204432;1204432;camara;56;Marina Santos;SOLIDARIEDADE;PI;Titular;1;2,997098571;0,876977153;SOLIDARIEDADE;SOLIDARIEDADE;569;499;VERDADEIRO;;;;;;;;;;
204432;1204432;camara;56;Marina Santos;SOLIDARIEDADE;PI;Titular;1;2,997098571;0;PTC;SOLIDARIEDADE;17;0;;;;;;;;;;;
204527;1204527;camara;56;Geninho Zuliani;DEM;SP;Titular;1;2,999599373;0,884130982;DEM;DEM;397;351;VERDADEIRO;;;;;;;;;;
74079;174079;camara;51;José Priante;MDB;PA;Titular;1;3,007771145;0,846875;MDB;MDB;320;271;VERDADEIRO;;;;;;;;;;
178929;1178929;camara;55;Diego Garcia;PODE;PR;Titular;1;3,008344886;0,661538462;PODEMOS;PODEMOS;520;344;VERDADEIRO;;;;;;;;;;
213679;1213679;camara;56;Dr. João;PROS;BA;Suplente;0;3,009452525;0,815789474;PROS;PROS;114;93;VERDADEIRO;;;;;;;;;;
204430;1204430;camara;56;Margarete Coelho;PP;PI;Titular;1;3,012270512;0,896475771;PP;PP;454;407;VERDADEIRO;;;;;;;;;;
74806;174806;camara;51;Tadeu Filippelli;MDB;DF;Suplente;1;3,015917491;0,888888889;MDB;MDB;153;136;VERDADEIRO;;;;;;;;;;
196358;1196358;camara;55;Lourival Gomes;PSL;RJ;Titular;1;3,01768391;0,934628975;PSL;PSL;566;529;VERDADEIRO;;;;;;;;;;
178896;1178896;camara;55;Newton Cardoso Jr;MDB;MG;Titular;1;3,01797442;0,796969697;MDB;MDB;330;263;VERDADEIRO;;;;;;;;;;
204560;1204560;camara;56;Adolfo Viana;PSDB;BA;Titular;1;3,018376037;0,808102345;PSDB;PSDB;469;379;VERDADEIRO;;;;;;;;;;
204410;1204410;camara;56;Luisa Canziani;PTB;PR;Titular;1;3,01890599;0,796568627;PTB;PTB;408;325;VERDADEIRO;;;;;;;;;;
204498;1204498;camara;56;Olival Marques;DEM;PA;Titular;1;3,022911671;0,893258427;DEM;DEM;534;477;VERDADEIRO;;;;;;;;;;
178952;1178952;camara;55;Walter Alves;MDB;RN;Titular;1;3,038459421;0,836032389;MDB;MDB;494;413;VERDADEIRO;;;;;;;;;;
160545;1160545;camara;54;Alexandre Leite;DEM;SP;Titular;1;3,055603253;0,877777778;DEM;DEM;540;474;VERDADEIRO;;;;;;;;;;
5529;25529;senado;55;Antonio Anastasia;PSD;MG;Titular;1;3,06766713;1;PSDB;PSD;18;18;;;;;;;;;;;
5529;25529;senado;55;Antonio Anastasia;PSD;MG;Titular;1;3,06766713;0,918367347;PSD;PSD;49;45;VERDADEIRO;;;;;;;;;;
204521;1204521;camara;56;Abou Anni;PSL;SP;Titular;1;2,810827198;0,923076923;PSL;PSL;533;492;VERDADEIRO;;;;;;;;;;
204522;1204522;camara;56;Marco Bertaiolli;PSD;SP;Titular;1;2,761676396;0,868794326;PSD;PSD;564;490;VERDADEIRO;;;;;;;;;;
141405;1141405;camara;53;Celso Maldaner;MDB;SC;Titular;1;3,068986036;0,800813008;MDB;MDB;492;394;VERDADEIRO;;;;;;;;;;
204418;1204418;camara;56;Luizão Goulart;REPUBLICANOS;PR;Titular;1;3,077404213;0,692170819;REPUBLICANOS;REPUBLICANOS;562;389;VERDADEIRO;;;;;;;;;;
204525;1204525;camara;56;Rosana Valle;PSB;SP;Titular;1;0,023690381;0,537391304;PSB;PSB;575;309;VERDADEIRO;;;;;;;;;;
204354;1204354;camara;56;Flávia Arruda;PL;DF;Titular;1;3,087519413;0,857768053;PL;PL;457;392;VERDADEIRO;;;;;;;;;;
178854;1178854;camara;55;Elmar Nascimento;DEM;BA;Titular;1;3,088024133;0,902140673;DEM;DEM;327;295;VERDADEIRO;;;;;;;;;;
141421;1141421;camara;53;Eduardo Da Fonte;PP;PE;Titular;1;3,09829009;0,893569845;PP;PP;451;403;VERDADEIRO;;;;;;;;;;
178924;1178924;camara;55;Capitão Fábio Abreu;PL;PI;Titular;1;3,118579816;0,792;PL;PL;250;198;VERDADEIRO;;;;;;;;;;
141515;1141515;camara;53;Otavio Leite;PSDB;RJ;Titular;0;3,119091391;0,973684211;PSDB;PSDB;38;37;VERDADEIRO;;;;;;;;;;
194260;1194260;camara;55;Nivaldo Albuquerque;PTB;AL;Titular;1;3,127326262;0,80890538;PTB;PTB;539;436;VERDADEIRO;;;;;;;;;;
160532;1160532;camara;54;Eli Corrêa Filho;DEM;SP;Titular;1;3,129079754;0,88559322;DEM;DEM;472;418;VERDADEIRO;;;;;;;;;;
74319;174319;camara;51;Paes Landim;PTB;PI;Suplente;0;3,135841198;0,894736842;PTB;PTB;171;153;VERDADEIRO;;;;;;;;;;
160667;1160667;camara;54;Guilherme Mussi;PP;SP;Titular;1;3,139254187;0,910852713;PP;PP;258;235;VERDADEIRO;;;;;;;;;;
178945;1178945;camara;55;Rosangela Gomes;REPUBLICANOS;RJ;Titular;1;3,148009068;0,717601547;REPUBLICANOS;REPUBLICANOS;517;371;VERDADEIRO;;;;;;;;;;
204408;1204408;camara;56;Gustinho Ribeiro;SOLIDARIEDADE;SE;Titular;1;3,158748585;0,861538462;SOLIDARIEDADE;SOLIDARIEDADE;520;448;VERDADEIRO;;;;;;;;;;
178843;1178843;camara;55;Marx Beltrão;PSD;AL;Titular;1;3,160835895;0,879227053;PSD;PSD;414;364;VERDADEIRO;;;;;;;;;;
160559;1160559;camara;54;Alceu Moreira;MDB;RS;Titular;1;3,170078296;0,828512397;MDB;MDB;484;401;VERDADEIRO;;;;;;;;;;
204517;1204517;camara;56;Zé Vitor;PL;MG;Titular;1;3,176078588;0,922897196;PL;PL;428;395;VERDADEIRO;;;;;;;;;;
204517;1204517;camara;56;Zé Vitor;PL;MG;Titular;1;3,176078588;0;PMN;PL;28;0;;;;;;;;;;;
178937;1178937;camara;55;Altineu Côrtes;PL;RJ;Titular;1;3,184021384;0,85;PL;PL;300;255;VERDADEIRO;;;;;;;;;;
204425;1204425;camara;56;Silvio Costa Filho;REPUBLICANOS;PE;Titular;1;3,184391928;0,766519824;REPUBLICANOS;REPUBLICANOS;454;348;VERDADEIRO;;;;;;;;;;
204457;1204457;camara;56;Juninho Do Pneu;DEM;RJ;Titular;1;3,194093701;0,878571429;DEM;DEM;560;492;VERDADEIRO;;;;;;;;;;
178975;1178975;camara;55;Baleia Rossi;MDB;SP;Titular;1;3,196932669;0,853233831;MDB;MDB;402;343;VERDADEIRO;;;;;;;;;;
141555;1141555;camara;53;Vinicius Carvalho;REPUBLICANOS;SP;Titular;1;3,21111169;0,724358974;REPUBLICANOS;REPUBLICANOS;468;339;VERDADEIRO;;;;;;;;;;
204440;1204440;camara;56;Christino Aureo;PP;RJ;Titular;1;3,217971877;0,907272727;PP;PP;550;499;VERDADEIRO;;;;;;;;;;
204437;1204437;camara;56;Severino Pessoa;REPUBLICANOS;AL;Titular;1;3,23448629;0,70959596;REPUBLICANOS;REPUBLICANOS;396;281;VERDADEIRO;;;;;;;;;;
204497;1204497;camara;56;Júnior Ferrari;PSD;PA;Titular;1;3,247103786;0,844178082;PSD;PSD;584;493;VERDADEIRO;;;;;;;;;;
198197;1198197;camara;56;Greyce Elias;AVANTE;MG;Titular;1;3,25061959;0,697727273;AVANTE;AVANTE;440;307;VERDADEIRO;;;;;;;;;;
141434;1141434;camara;53;Flaviano Melo;MDB;AC;Titular;1;3,258836964;0,846846847;MDB;MDB;444;376;VERDADEIRO;;;;;;;;;;
128760;1128760;camara;54;Paulo Marinho Jr;PL;MA;Suplente;1;3,267324958;0,894308943;PL;PL;123;110;VERDADEIRO;;;;;;;;;;
204518;1204518;camara;56;Dr. Frederico;PATRIOTA;MG;Titular;1;3,283253554;0,439583333;PATRIOTA;PATRIOTA;480;211;VERDADEIRO;;;;;;;;;;
204441;1204441;camara;56;Otoni De Paula;PSC;RJ;Titular;1;3,289784836;0,598308668;PSC;PSC;473;283;VERDADEIRO;;;;;;;;;;
204479;1204479;camara;56;Nicoletti;PSL;RR;Titular;1;3,294319378;0,887245841;PSL;PSL;541;480;VERDADEIRO;;;;;;;;;;
204420;1204420;camara;56;Julian Lemos;PSL;PB;Titular;1;3,311484926;0,931481481;PSL;PSL;540;503;VERDADEIRO;;;;;;;;;;
204490;1204490;camara;56;Charlles Evangelista;PSL;MG;Titular;1;3,332484861;0,915904936;PSL;PSL;547;501;VERDADEIRO;;;;;;;;;;
109429;1109429;camara;56;Benes Leocádio;REPUBLICANOS;RN;Titular;1;3,334980668;0,718929254;REPUBLICANOS;REPUBLICANOS;523;376;VERDADEIRO;;;;;;;;;;
204554;1204554;camara;56;Abílio Santana;PL;BA;Titular;1;4,456388114;0,930769231;PL;PL;520;484;VERDADEIRO;;;;;;;;;;
109429;1109429;camara;56;Benes Leocádio;REPUBLICANOS;RN;Titular;1;3,334980668;0;PTC;REPUBLICANOS;17;0;;;;;;;;;;;
178860;1178860;camara;55;Paulo Azi;DEM;BA;Titular;1;3,341780914;0,822966507;DEM;DEM;418;344;VERDADEIRO;;;;;;;;;;
74366;174366;camara;52;João Campos;REPUBLICANOS;GO;Titular;1;3,391193233;0,733502538;REPUBLICANOS;REPUBLICANOS;394;289;VERDADEIRO;;;;;;;;;;
141431;1141431;camara;53;Fernando Coelho Filho;DEM;PE;Titular;1;3,40759638;0,865882353;DEM;DEM;425;368;VERDADEIRO;;;;;;;;;;
204476;1204476;camara;56;Chiquinho Brazão;AVANTE;RJ;Titular;1;3,418338093;0,627992634;AVANTE;AVANTE;543;341;VERDADEIRO;;;;;;;;;;
204512;1204512;camara;56;Delegado Marcelo Freitas;PSL;MG;Titular;1;3,426384774;0,925989673;PSL;PSL;581;538;VERDADEIRO;;;;;;;;;;
204569;1204569;camara;56;Delegado Pablo;PSL;AM;Titular;1;3,431993748;0,948770492;PSL;PSL;488;463;VERDADEIRO;;;;;;;;;;
1249;21249;senado;53;Kátia Abreu;PP;TO;Titular;1;3,450397739;0,891304348;PP;PP;46;41;VERDADEIRO;;;;;;;;;;
204548;1204548;camara;56;Heitor Freire;PSL;CE;Titular;1;3,456916857;0,917894737;PSL;PSL;475;436;VERDADEIRO;;;;;;;;;;
75431;175431;camara;54;Maurício Dziedricki;PTB;RS;Titular;1;3,457317357;0,842718447;PTB;PTB;515;434;VERDADEIRO;;;;;;;;;;
4560;24560;senado;54;Sérgio Petecão;PSD;AC;Titular;1;3,46186567;0,916666667;PSD;PSD;60;55;VERDADEIRO;;;;;;;;;;
204446;1204446;camara;56;Professor Joziel;PSL;RJ;Titular;1;3,464538652;0,88700565;PSL;PSL;531;471;VERDADEIRO;;;;;;;;;;
108338;1108338;camara;56;Jaqueline Cassol;PP;RO;Titular;1;3,491051353;0,906614786;PP;PP;514;466;VERDADEIRO;;;;;;;;;;
204465;1204465;camara;56;Haroldo Cathedral;PSD;RR;Titular;1;3,493184133;0,894523327;PSD;PSD;493;441;VERDADEIRO;;;;;;;;;;
178930;1178930;camara;55;Roman;PATRIOTA;PR;Suplente;1;3,493654737;0,822115385;PSD;PATRIOTA;208;171;;;;;;;;;;;
178930;1178930;camara;55;Roman;PATRIOTA;PR;Suplente;1;3,493654737;0,428015564;PATRIOTA;PATRIOTA;257;110;VERDADEIRO;;;;;;;;;;
195866;1195866;camara;55;Vaidon Oliveira;PROS;CE;Titular;1;3,49827972;0,670378619;PROS;PROS;449;301;VERDADEIRO;;;;;;;;;;
204362;1204362;camara;56;Ricardo Guidi;PSD;SC;Titular;1;3,499019417;0,893186004;PSD;PSD;543;485;VERDADEIRO;;;;;;;;;;
74212;174212;camara;51;Aníbal Gomes;DEM;CE;Suplente;0;3,501402859;0,936363636;DEM;DEM;110;103;VERDADEIRO;;;;;;;;;;
5929;25929;senado;56;Juíza Selma;PODEMOS;MT;Titular;0;3,502904917;1;PSL;PODEMOS;6;6;;;;;;;;;;;
5929;25929;senado;56;Juíza Selma;PODEMOS;MT;Titular;0;3,502904917;0,75;PODEMOS;PODEMOS;16;12;VERDADEIRO;;;;;;;;;;
204387;1204387;camara;56;Sargento Fahur;PSD;PR;Titular;1;3,504549431;0,83697479;PSD;PSD;595;498;VERDADEIRO;;;;;;;;;;
160534;1160534;camara;54;Lauriete;PL;ES;Titular;1;3,506404357;0,858227848;PL;PSC;395;339;;;;;;;;;;;
160534;1160534;camara;54;Lauriete;PL;ES;Titular;1;3,506404357;0,671717172;PSC;PSC;198;133;VERDADEIRO;;;;;;;;;;
204447;1204447;camara;56;Flordelis;PSD;RJ;Titular;1;3,509492895;0,897233202;PSD;PSD;506;454;VERDADEIRO;;;;;;;;;;
141422;1141422;camara;53;Efraim Filho;DEM;PB;Titular;1;3,520192597;0,861111111;DEM;DEM;324;279;VERDADEIRO;;;;;;;;;;
178933;1178933;camara;55;Sergio Souza;MDB;PR;Titular;1;3,52869594;0,850775194;MDB;MDB;516;439;VERDADEIRO;;;;;;;;;;
5967;25967;senado;56;Angelo Coronel;PSD;BA;Titular;1;3,54143066;0,947368421;PSD;PSD;76;72;VERDADEIRO;;;;;;;;;;
204431;1204431;camara;56;Marcos Aurélio Sampaio;MDB;PI;Titular;1;3,548361239;0,853846154;MDB;MDB;520;444;VERDADEIRO;;;;;;;;;;
204450;1204450;camara;56;Dr. Luiz Antonio Teixeira Jr.;PP;RJ;Titular;1;3,557083328;0,917159763;PP;PP;507;465;VERDADEIRO;;;;;;;;;;
178934;1178934;camara;55;Toninho Wandscheer;PROS;PR;Titular;1;3,571075383;0,760504202;PROS;PROS;476;362;VERDADEIRO;;;;;;;;;;
74471;174471;camara;51;André De Paula;PSD;PE;Titular;1;3,57604641;0,912778905;PSD;PSD;493;450;VERDADEIRO;;;;;;;;;;
160651;1160651;camara;54;Rogério Peninha Mendonça;MDB;SC;Titular;1;3,577786546;0,786813187;MDB;MDB;455;358;VERDADEIRO;;;;;;;;;;
3777;23777;senado;56;Eduardo Gomes;MDB;TO;Titular;1;3,599869735;0,910447761;MDB;MDB;67;61;VERDADEIRO;;;;;;;;;;
209189;1209189;camara;56;Joseildo Ramos;PT;BA;Suplente;1;-5,867166239;0,922465209;PT;PT;503;464;VERDADEIRO;;;;;;;;;;
204448;1204448;camara;56;Luiz Antônio Corrêa;PL;RJ;Titular;1;3,605696426;0,930787589;PL;PL;419;390;VERDADEIRO;;;;;;;;;;
204448;1204448;camara;56;Luiz Antônio Corrêa;PL;RJ;Titular;1;3,605696426;0;DC;PL;19;0;;;;;;;;;;;
204448;1204448;camara;56;Luiz Antônio Corrêa;PL;RJ;Titular;1;3,605696426;0;SPARTIDO;PL;112;0;;;;;;;;;;;
116379;1116379;camara;56;Darci De Matos;PSD;SC;Titular;1;3,612903538;0,913793103;PSD;PSD;464;424;VERDADEIRO;;;;;;;;;;
204422;1204422;camara;56;Ossesio Silva;REPUBLICANOS;PE;Titular;1;3,612937688;0,718213058;REPUBLICANOS;REPUBLICANOS;582;418;VERDADEIRO;;;;;;;;;;
112437;1112437;camara;55;João Marcelo Souza;MDB;MA;Titular;1;3,613074237;0,866504854;MDB;MDB;412;357;VERDADEIRO;;;;;;;;;;
166402;1166402;camara;54;Magda Mofatto;PL;GO;Titular;1;3,615313082;0,888211382;PL;PL;492;437;VERDADEIRO;;;;;;;;;;
73441;173441;camara;51;Celso Russomanno;REPUBLICANOS;SP;Titular;1;3,624507843;0,716517857;REPUBLICANOS;REPUBLICANOS;448;321;VERDADEIRO;;;;;;;;;;
215045;1215045;camara;56;Pedro Augusto Palareti;PSD;RJ;Efetivado;1;3,629963854;0,93442623;PSD;PSD;61;57;VERDADEIRO;;;;;;;;;;
204415;1204415;camara;56;Nereu Crispim;PSL;RS;Titular;1;3,630878574;0,935727788;PSL;PSL;529;495;VERDADEIRO;;;;;;;;;;
122974;1122974;camara;56;Pedro Lucas Fernandes;PTB;MA;Titular;1;3,636332411;0,832271762;PTB;PTB;471;392;VERDADEIRO;;;;;;;;;;
204456;1204456;camara;56;Gutemberg Reis;MDB;RJ;Titular;1;3,64155203;0,852494577;MDB;MDB;461;393;VERDADEIRO;;;;;;;;;;
204414;1204414;camara;56;Aroldo Martins;REPUBLICANOS;PR;Titular;1;3,652659562;0,722222222;REPUBLICANOS;REPUBLICANOS;558;403;VERDADEIRO;;;;;;;;;;
205550;1205550;camara;56;Jorge Braz;REPUBLICANOS;RJ;Efetivado;1;3,655113119;0,758426966;REPUBLICANOS;REPUBLICANOS;534;405;VERDADEIRO;;;;;;;;;;
152610;1152610;camara;53;Roberto Alves;REPUBLICANOS;SP;Titular;1;3,660705534;0,72854641;REPUBLICANOS;REPUBLICANOS;571;416;VERDADEIRO;;;;;;;;;;
178959;1178959;camara;55;Hiran Gonçalves;PP;RR;Titular;1;3,667461162;0,908256881;PP;PP;436;396;VERDADEIRO;;;;;;;;;;
215044;1215044;camara;56;Vivi Reis;PSOL;PA;Efetivado;1;-8,726347509;0,941176471;PSOL;PSOL;51;48;VERDADEIRO;;;;;;;;;;
204379;1204379;camara;56;Acácio Favacho;PROS;AP;Titular;1;3,669829708;0,722222222;PROS;PROS;432;312;VERDADEIRO;;;;;;;;;;
204372;1204372;camara;56;Julio Cesar Ribeiro;REPUBLICANOS;DF;Titular;1;3,674036039;0,739750446;REPUBLICANOS;REPUBLICANOS;561;415;VERDADEIRO;;;;;;;;;;
178829;1178829;camara;55;Capitão Augusto;PL;SP;Titular;1;3,690476885;0,860254083;PL;PL;551;474;VERDADEIRO;;;;;;;;;;
178962;1178962;camara;55;Carlos Gomes;REPUBLICANOS;RS;Titular;1;3,705355527;0,736030829;REPUBLICANOS;REPUBLICANOS;519;382;VERDADEIRO;;;;;;;;;;
150418;1150418;camara;53;Márcio Marinho;REPUBLICANOS;BA;Titular;1;3,708908392;0,74025974;REPUBLICANOS;REPUBLICANOS;462;342;VERDADEIRO;;;;;;;;;;
204368;1204368;camara;56;Fabio Schiochet;PSL;SC;Titular;1;3,720043464;0,928571429;PSL;PSL;462;429;VERDADEIRO;;;;;;;;;;
207309;1207309;camara;56;Enéias Reis;PSL;MG;Suplente;0;3,724886854;0,928571429;PSL;PSL;336;312;VERDADEIRO;;;;;;;;;;
204392;1204392;camara;56;Francisco Jr.;PSD;GO;Titular;1;3,732766187;0,902621723;PSD;PSD;534;482;VERDADEIRO;;;;;;;;;;
98057;198057;camara;56;Lafayette De Andrada;REPUBLICANOS;MG;Titular;1;3,738531361;0,702702703;REPUBLICANOS;REPUBLICANOS;481;338;VERDADEIRO;;;;;;;;;;
204540;1204540;camara;56;Maria Rosas;REPUBLICANOS;SP;Titular;1;3,743452586;0,721202003;REPUBLICANOS;REPUBLICANOS;599;432;VERDADEIRO;;;;;;;;;;
204536;1204536;camara;56;Kim Kataguiri;DEM;SP;Titular;1;3,744519065;0,692982456;DEM;DEM;456;316;VERDADEIRO;;;;;;;;;;
204576;1204576;camara;56;João Roma;REPUBLICANOS;BA;Titular;0;3,747801032;0,694570136;REPUBLICANOS;REPUBLICANOS;442;307;VERDADEIRO;;;;;;;;;;
5732;25732;senado;56;Rodrigo Pacheco;DEM;MG;Titular;1;3,758536515;0,885245902;DEM;DEM;61;54;VERDADEIRO;;;;;;;;;;
160510;1160510;camara;54;Luis Tibé;AVANTE;MG;Titular;1;3,761641322;0,684684685;AVANTE;AVANTE;333;228;VERDADEIRO;;;;;;;;;;
204356;1204356;camara;56;Amaro Neto;REPUBLICANOS;ES;Titular;1;3,766012263;0,710120069;REPUBLICANOS;REPUBLICANOS;583;414;VERDADEIRO;;;;;;;;;;
204547;1204547;camara;56;Léo Motta;PSL;MG;Titular;1;3,779825971;0,874226804;PSL;PSL;485;424;VERDADEIRO;;;;;;;;;;
92102;192102;camara;56;Leur Lomanto Júnior;DEM;BA;Titular;1;3,78512078;0,827292111;DEM;DEM;469;388;VERDADEIRO;;;;;;;;;;
204491;1204491;camara;56;Gilberto Abramo;REPUBLICANOS;MG;Titular;1;3,786610171;0,716117216;REPUBLICANOS;REPUBLICANOS;546;391;VERDADEIRO;;;;;;;;;;
204396;1204396;camara;56;Vermelho;PSD;PR;Titular;1;3,799474782;0,912951168;PSD;PSD;471;430;VERDADEIRO;;;;;;;;;;
204572;1204572;camara;56;Capitão Alberto Neto;REPUBLICANOS;AM;Titular;1;3,805326295;0,759493671;REPUBLICANOS;REPUBLICANOS;474;360;VERDADEIRO;;;;;;;;;;
162332;1162332;camara;54;Luiz Nishimori;PL;PR;Titular;1;3,835531142;0,885601578;PL;PL;507;449;VERDADEIRO;;;;;;;;;;
129618;1129618;camara;52;Gorete Pereira;PR;CE;Titular;0;3,847216038;0,974358974;PL;PL;39;38;VERDADEIRO;;;;;;;;;;
154178;1154178;camara;53;Milton Vieira;REPUBLICANOS;SP;Titular;1;3,860861164;0,721382289;REPUBLICANOS;REPUBLICANOS;463;334;VERDADEIRO;;;;;;;;;;
160558;1160558;camara;54;Paulo Freire Costa;PL;SP;Titular;1;3,871183099;0,9348659;PL;PL;522;488;VERDADEIRO;;;;;;;;;;
179000;1179000;camara;55;Marcelo Álvaro Antônio;PSL;MG;Titular;1;3,876071719;0,917293233;PSL;PSL;133;122;VERDADEIRO;;;;;;;;;;
74090;174090;camara;51;Átila Lins;PP;AM;Titular;1;3,878208945;0,929824561;PP;PP;456;424;VERDADEIRO;;;;;;;;;;
178993;1178993;camara;55;Carlos Henrique Gaguim;DEM;TO;Titular;1;3,885841512;0,850364964;DEM;DEM;548;466;VERDADEIRO;;;;;;;;;;
74044;174044;camara;52;Wilson Santiago;PTB;PB;Titular;1;2,89279224;0,808314088;PTB;PTB;433;350;VERDADEIRO;;;;;;;;;;
204481;1204481;camara;56;Dr. Jaziel;PL;CE;Titular;1;3,889303464;0,844444444;PL;PL;495;418;VERDADEIRO;;;;;;;;;;
204436;1204436;camara;56;Isnaldo Bulhões Jr.;MDB;AL;Titular;1;3,8928954;0,827777778;MDB;MDB;360;298;VERDADEIRO;;;;;;;;;;
74459;174459;camara;51;Átila Lira;PP;PI;Titular;1;3,895615664;0,928759894;PP;PP;379;352;VERDADEIRO;;;;;;;;;;
74459;174459;camara;51;Átila Lira;PP;PI;Titular;1;3,895615664;0,187817259;PSB;PP;197;37;;;;;;;;;;;
141428;1141428;camara;53;Fábio Faria;PSD;RN;Titular;0;3,911982698;0,918699187;PSD;PSD;123;113;VERDADEIRO;;;;;;;;;;
143632;1143632;camara;54;Domingos Neto;PSD;CE;Titular;1;3,950267474;0,920886076;PSD;PSD;316;291;VERDADEIRO;;;;;;;;;;
178928;1178928;camara;55;Christiane De Souza Yared;PL;PR;Titular;1;3,95275684;0,905084746;PL;PL;590;534;VERDADEIRO;;;;;;;;;;
204567;1204567;camara;56;Raimundo Costa;PL;BA;Titular;1;3,963136739;0,902869757;PL;PL;453;409;VERDADEIRO;;;;;;;;;;
204567;1204567;camara;56;Raimundo Costa;PL;BA;Titular;1;3,963136739;0;PRP;PL;17;0;;;;;;;;;;;
74043;174043;camara;52;Wellington Roberto;PL;PB;Titular;1;3,988989747;0,865497076;PL;PL;171;148;VERDADEIRO;;;;;;;;;;
204570;1204570;camara;56;Pastor Gil;PL;MA;Titular;1;4,000629273;0,936708861;PL;PL;395;370;VERDADEIRO;;;;;;;;;;
204570;1204570;camara;56;Pastor Gil;PL;MA;Titular;1;4,000629273;0,035714286;PMN;PL;84;3;;;;;;;;;;;
160588;1160588;camara;54;Diego Andrade;PSD;MG;Titular;1;4,006673637;0,91005291;PSD;PSD;378;344;VERDADEIRO;;;;;;;;;;
205865;1205865;camara;56;Reinhold Stephanes Junior;PSD;PR;Suplente;1;4,007645305;0,894206549;PSD;PSD;397;355;VERDADEIRO;;;;;;;;;;
74262;174262;camara;52;Carlos Sampaio;PSDB;SP;Titular;1;1,85911501;0,907488987;PSDB;PSDB;454;412;VERDADEIRO;;;;;;;;;;
204469;1204469;camara;56;Manuel Marcos;REPUBLICANOS;AC;Não Eleito;0;4,015404691;0,672456576;REPUBLICANOS;REPUBLICANOS;403;271;VERDADEIRO;;;;;;;;;;
204472;1204472;camara;56;José Medeiros;PODE;MT;Titular;1;4,021037971;0,665306122;PODEMOS;PODEMOS;490;326;VERDADEIRO;;;;;;;;;;
204506;1204506;camara;56;Marcos Pereira;REPUBLICANOS;SP;Titular;1;4,030895212;0,77388535;REPUBLICANOS;REPUBLICANOS;314;243;VERDADEIRO;;;;;;;;;;
160601;1160601;camara;54;Pr. Marco Feliciano;REPUBLICANOS;SP;Titular;1;4,031282135;0,614457831;PODEMOS;REPUBLICANOS;249;153;;;;;;;;;;;
73891;173891;camara;51;Darcísio Perondi;MDB;RS;Suplente;0;4,07925974;0,776649746;MDB;MDB;197;153;VERDADEIRO;;;;;;;;;;
74317;174317;camara;52;Júlio Cesar;PSD;PI;Titular;1;4,411861551;0,925764192;PSD;PSD;458;424;VERDADEIRO;;;;;;;;;;
141552;1141552;camara;53;Valtenir Pereira;MDB;MT;Suplente;0;4,147110643;0,641025641;MDB;MDB;39;25;VERDADEIRO;;;;;;;;;;
74352;174352;camara;51;Nilson Pinto;PSDB;PA;Titular;1;2,106530928;0,855967078;PSDB;PSDB;486;416;VERDADEIRO;;;;;;;;;;
74356;174356;camara;51;Silas Câmara;REPUBLICANOS;AM;Titular;1;2,978328651;0,727876106;REPUBLICANOS;REPUBLICANOS;452;329;VERDADEIRO;;;;;;;;;;
204516;1204516;camara;56;Alexis Fonteyne;NOVO;SP;Titular;1;4,193904;0,988155668;NOVO;NOVO;591;584;VERDADEIRO;;;;;;;;;;
178881;1178881;camara;55;Aluisio Mendes;PSC;MA;Titular;1;4,211135832;0,641666667;PSC;PSC;360;231;VERDADEIRO;;;;;;;;;;
178881;1178881;camara;55;Aluisio Mendes;PSC;MA;Titular;1;4,211135832;0,596330275;PODEMOS;PSC;109;65;;;;;;;;;;;
160640;1160640;camara;54;Eros Biondini;PROS;MG;Titular;1;4,216077789;0,645435244;PROS;PROS;471;304;VERDADEIRO;;;;;;;;;;
470;2470;senado;56;Chico Rodrigues;DEM;RR;Titular;1;4,216196041;0,878787879;DEM;DEM;66;58;VERDADEIRO;;;;;;;;;;
160531;1160531;camara;54;Jhonatan De Jesus;REPUBLICANOS;RR;Titular;1;4,224544617;0,767241379;REPUBLICANOS;REPUBLICANOS;348;267;VERDADEIRO;;;;;;;;;;
178943;1178943;camara;55;Marcos Soares;DEM;RJ;Suplente;1;4,226755941;0,891304348;DEM;DEM;46;41;VERDADEIRO;;;;;;;;;;
204484;1204484;camara;56;General Peternelli;PSL;SP;Titular;1;4,253792994;0,91349481;PSL;PSL;578;528;VERDADEIRO;;;;;;;;;;
204562;1204562;camara;56;Edilázio Júnior;PSD;MA;Titular;1;4,284154382;0,909819639;PSD;PSD;499;454;VERDADEIRO;;;;;;;;;;
204416;1204416;camara;56;Sanderson;PSL;RS;Titular;1;4,309836988;0,893457944;PSL;PSL;535;478;VERDADEIRO;;;;;;;;;;
73692;173692;camara;51;Osmar Terra;MDB;RS;Titular;1;4,311377574;0,8;MDB;MDB;270;216;VERDADEIRO;;;;;;;;;;
5894;25894;senado;56;Flávio Bolsonaro;REPUBLICANOS;RJ;Titular;1;4,313789331;0,632653061;REPUBLICANOS;REPUBLICANOS;49;31;FALSO;;;;;;;;;;
5894;25894;senado;56;Flávio Bolsonaro;REPUBLICANOS;RJ;Titular;1;4,313789331;0;SPARTIDO;REPUBLICANOS;1;0;;;;;;;;;;;
475;2475;senado;56;Confúcio Moura;MDB;RO;Titular;1;4,324999495;0,904109589;MDB;MDB;73;66;VERDADEIRO;;;;;;;;;;
204514;1204514;camara;56;Coronel Tadeu;PSL;SP;Titular;1;4,325383729;0,914171657;PSL;PSL;501;458;VERDADEIRO;;;;;;;;;;
204529;1204529;camara;56;Policial Katia Sastre;PL;SP;Titular;1;4,339108583;0,864761905;PL;PL;525;454;VERDADEIRO;;;;;;;;;;
74571;174571;camara;51;Nelson Pellegrino;PT;BA;Titular;0;-4,443185378;0,93373494;PT;PT;166;155;VERDADEIRO;;;;;;;;;;
204423;1204423;camara;56;André Ferreira;PSC;PE;Titular;1;4,341059377;0,653958944;PSC;PSC;341;223;VERDADEIRO;;;;;;;;;;
74585;174585;camara;51;Lincoln Portela;PL;MG;Titular;1;2,649563356;0,84496124;PL;PL;516;436;VERDADEIRO;;;;;;;;;;
74383;174383;camara;52;Giacobo;PL;PR;Titular;1;4,355747501;0,921319797;PL;PL;394;363;VERDADEIRO;;;;;;;;;;
5422;25422;senado;56;Marcos Rogério;DEM;RO;Titular;1;4,37317038;0,95;DEM;DEM;60;57;VERDADEIRO;;;;;;;;;;
204365;1204365;camara;56;Gilson Marques;NOVO;SC;Titular;1;4,381166442;0,988429752;NOVO;NOVO;605;598;VERDADEIRO;;;;;;;;;;
193726;1193726;camara;55;Paulo Eduardo Martins;PSC;PR;Titular;1;4,386108428;0,560606061;PSC;PSC;528;296;VERDADEIRO;;;;;;;;;;
73808;173808;camara;53;Sérgio Brito;PSD;BA;Titular;1;4,395129225;0,914754098;PSD;PSD;305;279;VERDADEIRO;;;;;;;;;;
156190;1156190;camara;56;Marcel Van Hattem;NOVO;RS;Titular;1;4,418026468;0,989361702;NOVO;NOVO;564;558;VERDADEIRO;;;;;;;;;;
204532;1204532;camara;56;Vinicius Poit;NOVO;SP;Titular;1;4,41822358;0,986863711;NOVO;NOVO;609;601;VERDADEIRO;;;;;;;;;;
204520;1204520;camara;56;Junio Amaral;PSL;MG;Titular;1;4,434522594;0,884751773;PSL;PSL;564;499;VERDADEIRO;;;;;;;;;;
204554;1204554;camara;56;Abílio Santana;PL;BA;Titular;1;4,456388114;0;PHS;PL;16;0;;;;;;;;;;;
4531;24531;senado;53;Jayme Campos;DEM;MT;Titular;1;4,473878292;0,931506849;DEM;DEM;73;68;VERDADEIRO;;;;;;;;;;
81297;181297;camara;56;Dra. Soraya Manato;PSL;ES;Titular;1;4,474889454;0,893155259;PSL;PSL;599;535;VERDADEIRO;;;;;;;;;;
178908;1178908;camara;55;Delegado Éder Mauro;PSD;PA;Titular;1;4,482209579;0,880898876;PSD;PSD;445;392;VERDADEIRO;;;;;;;;;;
204528;1204528;camara;56;Adriana Ventura;NOVO;SP;Titular;1;4,491647383;0,991721854;NOVO;NOVO;604;599;VERDADEIRO;;;;;;;;;;
74537;174537;camara;51;Claudio Cajado;PP;BA;Titular;1;4,500285059;0,92371134;PP;PP;485;448;VERDADEIRO;;;;;;;;;;
151208;1151208;camara;53;Laercio Oliveira;PP;SE;Titular;1;4,502420475;0,943793911;PP;PP;427;403;VERDADEIRO;;;;;;;;;;
204531;1204531;camara;56;Guilherme Derrite;PP;SP;Titular;1;4,508528611;0,850594228;PP;PP;589;501;VERDADEIRO;;;;;;;;;;
92699;192699;camara;55;Fernando Monteiro;PP;PE;Titular;1;3,356395273;0,883196721;PP;PP;488;431;VERDADEIRO;;;;;;;;;;
178871;1178871;camara;55;Evair Vieira De Melo;PP;ES;Titular;1;4,538395344;0,89860835;PP;PP;503;452;VERDADEIRO;;;;;;;;;;
204504;1204504;camara;56;Cezinha De Madureira;PSD;SP;Titular;1;4,538630779;0,922018349;PSD;PSD;436;402;VERDADEIRO;;;;;;;;;;
204513;1204513;camara;56;Guiga Peixoto;PSL;SP;Titular;1;4,538671238;0,861435726;PSL;PSL;599;516;VERDADEIRO;;;;;;;;;;
204523;1204523;camara;56;Lucas Gonzalez;NOVO;MG;Titular;1;4,539194201;0,986348123;NOVO;NOVO;586;578;VERDADEIRO;;;;;;;;;;
204519;1204519;camara;56;Tiago Mitraud;NOVO;MG;Titular;1;4,574867922;0,990066225;NOVO;NOVO;604;598;VERDADEIRO;;;;;;;;;;
204399;1204399;camara;56;Schiavinato;PP;PR;Titular;1;4,579184995;0,928436911;PP;PP;531;493;VERDADEIRO;;;;;;;;;;
1249;21249;senado;53;Kátia Abreu;PP;TO;Titular;1;3,450397739;0,5;PDT;PP;18;9;;;;;;;;;;;
204390;1204390;camara;56;Professor Alcides;PP;GO;Titular;1;4,600169792;0,926640927;PP;PP;518;480;VERDADEIRO;;;;;;;;;;
204550;1204550;camara;56;Júnior Mano;PL;CE;Titular;1;4,614006549;0,925842697;PL;PL;445;412;VERDADEIRO;;;;;;;;;;
204550;1204550;camara;56;Júnior Mano;PL;CE;Titular;1;4,614006549;0,611111111;PATRIOTA;PL;18;11;;;;;;;;;;;
73788;173788;camara;51;Ricardo Barros;PP;PR;Titular;1;4,619533765;0,935;PP;PP;400;374;VERDADEIRO;;;;;;;;;;
141417;1141417;camara;53;Edio Lopes;PL;RR;Titular;1;4,630805986;0,880222841;PL;PL;359;316;VERDADEIRO;;;;;;;;;;
204388;1204388;camara;56;Bibo Nunes;PSL;RS;Titular;1;4,667314174;0,903225806;PSL;PSL;589;532;VERDADEIRO;;;;;;;;;;
204452;1204452;camara;56;Márcio Labre;PSL;RJ;Titular;1;4,673876616;0,910280374;PSL;PSL;535;487;VERDADEIRO;;;;;;;;;;
160527;1160527;camara;54;Aguinaldo Ribeiro;PP;PB;Titular;1;4,688461133;0,949090909;PP;PP;275;261;VERDADEIRO;;;;;;;;;;
204461;1204461;camara;56;Paulo Ganime;NOVO;RJ;Titular;1;4,689266879;0,990033223;NOVO;NOVO;602;596;VERDADEIRO;;;;;;;;;;
178882;1178882;camara;55;André Fufuca;PP;MA;Titular;1;4,715221489;0,949748744;PP;PP;199;189;VERDADEIRO;;;;;;;;;;
178983;1178983;camara;55;Marcio Alvino;PL;SP;Titular;1;4,721283911;0,899665552;PL;PL;598;538;VERDADEIRO;;;;;;;;;;
160673;1160673;camara;54;Giovani Cherini;PL;RS;Titular;1;4,771945114;0,919765166;PL;PL;511;470;VERDADEIRO;;;;;;;;;;
115746;1115746;camara;56;Gelson Azevedo;PL;RJ;Titular;1;4,788887583;0,9296875;PL;PL;512;476;VERDADEIRO;;;;;;;;;;
115746;1115746;camara;56;Gelson Azevedo;PL;RJ;Titular;1;4,788887583;0;PHS;PL;16;0;;;;;;;;;;;
5385;25385;senado;56;Irajá;PSD;TO;Titular;1;4,803480095;0,8;PSD;PSD;50;40;VERDADEIRO;;;;;;;;;;
74399;174399;camara;52;Onyx Lorenzoni;DEM;RS;Titular;0;4,805425197;1;DEM;DEM;31;31;VERDADEIRO;;;;;;;;;;
160642;1160642;camara;54;Pastor Eurico;PATRIOTA;PE;Titular;1;4,818903736;0,49304175;PATRIOTA;PATRIOTA;503;248;VERDADEIRO;;;;;;;;;;
67138;167138;camara;54;Iracema Portella;PP;PI;Titular;1;4,820274419;0,944954128;PP;PP;327;309;VERDADEIRO;;;;;;;;;;
205863;1205863;camara;56;Marcelo Brum;PSL;RS;Suplente;1;4,83365477;0,892712551;PSL;PSL;494;441;VERDADEIRO;;;;;;;;;;
204413;1204413;camara;56;Alcides Rodrigues;PATRIOTA;GO;Titular;1;4,847875893;0,477223427;PATRIOTA;PATRIOTA;461;220;VERDADEIRO;;;;;;;;;;
74554;174554;camara;51;José Rocha;PL;BA;Titular;1;4,854180279;0,897435897;PL;PL;390;350;VERDADEIRO;;;;;;;;;;
160599;1160599;camara;54;Dimas Fabiano;PP;MG;Titular;1;4,877131886;0,925702811;PP;PP;498;461;VERDADEIRO;;;;;;;;;;
211649;1211649;camara;56;Ricardo Pericar;PSL;RJ;Suplente;0;4,891810959;0,914285714;PSL;PSL;70;64;VERDADEIRO;;;;;;;;;;
178921;1178921;camara;55;Sebastião Oliveira;AVANTE;PE;Titular;1;4,900936239;0,914012739;PL;AVANTE;314;287;;;;;;;;;;;
178921;1178921;camara;55;Sebastião Oliveira;AVANTE;PE;Titular;1;4,900936239;0,833333333;AVANTE;AVANTE;108;90;VERDADEIRO;;;;;;;;;;
3830;23830;senado;55;Davi Alcolumbre;DEM;AP;Titular;1;4,913733247;1;DEM;DEM;12;12;VERDADEIRO;;;;;;;;;;
1186;21186;senado;56;Luis Carlos Heinze;PP;RS;Titular;1;4,928875271;0,820512821;PP;PP;78;64;VERDADEIRO;;;;;;;;;;
122466;1122466;camara;55;Ronaldo Martins;REPUBLICANOS;CE;Suplente;0;4,930218477;0,421052632;REPUBLICANOS;REPUBLICANOS;76;32;VERDADEIRO;;;;;;;;;;
204454;1204454;camara;56;Daniel Silveira;PSL;RJ;Titular;1;4,93347314;0,893709328;PSL;PSL;461;412;VERDADEIRO;;;;;;;;;;
204556;1204556;camara;56;Marcelo Ramos;PL;AM;Titular;1;5,000247742;0,902777778;PL;PL;504;455;VERDADEIRO;;;;;;;;;;
137070;1137070;camara;55;Vicentinho Júnior;PL;TO;Titular;1;5,001456987;0,919565217;PL;PL;460;423;VERDADEIRO;;;;;;;;;;
204563;1204563;camara;56;Josimar Maranhãozinho;PL;MA;Titular;1;5,027441129;0,848375451;PL;PL;277;235;VERDADEIRO;;;;;;;;;;
160541;1160541;camara;54;Arthur Lira;PP;AL;Titular;1;5,048429468;0,956730769;PP;PP;208;199;VERDADEIRO;;;;;;;;;;
204395;1204395;camara;56;Pedro Lupion;DEM;PR;Titular;1;5,080414358;0,822134387;DEM;DEM;506;416;VERDADEIRO;;;;;;;;;;
5502;25502;senado;56;Plínio Valério;PSDB;AM;Titular;1;-1,050915888;0,757142857;PSDB;PSDB;70;53;VERDADEIRO;;;;;;;;;;
204455;1204455;camara;56;Luiz Lima;PSL;RJ;Titular;1;5,099191346;0,892733564;PSL;PSL;578;516;VERDADEIRO;;;;;;;;;;
74052;174052;camara;52;Bosco Costa;PL;SE;Titular;1;5,124898023;0,901785714;PL;PL;560;505;VERDADEIRO;;;;;;;;;;
141459;1141459;camara;53;João Maia;PL;RN;Titular;1;5,151533465;0,904;PL;PL;500;452;VERDADEIRO;;;;;;;;;;
204460;1204460;camara;56;Carlos Jordy;PSL;RJ;Titular;1;5,20124829;0,898601399;PSL;PSL;572;514;VERDADEIRO;;;;;;;;;;
204549;1204549;camara;56;Aj Albuquerque;PP;CE;Titular;1;5,231635549;0,947261663;PP;PP;493;467;VERDADEIRO;;;;;;;;;;
204574;1204574;camara;56;Junior Lourenço;PL;MA;Titular;1;5,253452708;0,883435583;PL;PL;326;288;VERDADEIRO;;;;;;;;;;
204507;1204507;camara;56;Carla Zambelli;PSL;SP;Titular;1;5,255275906;0,897540984;PSL;PSL;488;438;VERDADEIRO;;;;;;;;;;
204524;1204524;camara;56;Pinheirinho;PP;MG;Titular;1;5,258366734;0,934042553;PP;PP;470;439;VERDADEIRO;;;;;;;;;;
204473;1204473;camara;56;General Girão;PSL;RN;Titular;1;5,276051462;0,897703549;PSL;PSL;479;430;VERDADEIRO;;;;;;;;;;
204378;1204378;camara;56;Coronel Chrisóstomo;PSL;RO;Titular;1;5,315372606;0,907749077;PSL;PSL;542;492;VERDADEIRO;;;;;;;;;;
204545;1204545;camara;56;Alê Silva;PSL;MG;Titular;1;5,410261976;0,884816754;PSL;PSL;573;507;VERDADEIRO;;;;;;;;;;
212749;1212749;camara;56;Marcão Gomes;PL;RJ;Suplente;0;5,421772242;0,953216374;PL;PL;171;163;VERDADEIRO;;;;;;;;;;
146788;1146788;camara;55;Marcelo Aro;PP;MG;Titular;1;5,425280031;0;PHS;PP;15;0;;;;;;;;;;;
204438;1204438;camara;56;Sergio Toledo;PL;AL;Titular;1;5,440419497;0,909259259;PL;PL;540;491;VERDADEIRO;;;;;;;;;;
141458;1141458;camara;53;João Carlos Bacelar;PL;BA;Titular;1;5,512348638;0,904942966;PL;PL;263;238;VERDADEIRO;;;;;;;;;;
204411;1204411;camara;56;Filipe Barros;PSL;PR;Titular;1;5,657087917;0,902390438;PSL;PSL;502;453;VERDADEIRO;;;;;;;;;;
204526;1204526;camara;56;Luiz Philippe De Orleans e Bragança;PSL;SP;Titular;1;5,672235348;0,871143376;PSL;PSL;551;480;VERDADEIRO;;;;;;;;;;
204400;1204400;camara;56;Aline Sleutjes;PSL;PR;Titular;1;5,730014072;0,895918367;PSL;PSL;490;439;VERDADEIRO;;;;;;;;;;
5894;25894;senado;56;Flávio Bolsonaro;REPUBLICANOS;RJ;Titular;1;4,313789331;0,9375;PSL;REPUBLICANOS;16;15;;;;;;;;;;;
179587;1179587;camara;56;Vitor Hugo;PSL;GO;Titular;1;5,767201536;0,90023753;PSL;PSL;421;379;VERDADEIRO;;;;;;;;;;
204367;1204367;camara;56;Daniel Freitas;PSL;SC;Titular;1;5,800120212;0,895652174;PSL;PSL;575;515;VERDADEIRO;;;;;;;;;;
204369;1204369;camara;56;Caroline De Toni;PSL;SC;Titular;1;5,88393006;0,90070922;PSL;PSL;564;508;VERDADEIRO;;;;;;;;;;
93083;193083;camara;55;Cacá Leão;PP;BA;Titular;1;5,943226755;0,947069943;PP;PP;529;501;VERDADEIRO;;;;;;;;;;
5895;25895;senado;56;Jorge Kajuru;CIDADANIA;GO;Titular;1;-6,968684972;0,714285714;PSB;CIDADANIA;7;5;;;;;;;;;;;
5899;25899;senado;56;Vanderlan Cardoso;PSD;GO;Titular;1;1,177523802;1;PP;PSD;17;17;;;;;;;;;;;
141372;1141372;camara;53;Aelton Freitas;PR;MG;Titular;0;5,950977445;1;PL;PL;41;41;VERDADEIRO;;;;;;;;;;
204449;1204449;camara;56;Nelson Barbudo;PSL;MT;Titular;1;5,984106938;0,911111111;PSL;PSL;495;451;VERDADEIRO;;;;;;;;;;
146307;1146307;camara;53;Neri Geller;PP;MT;Titular;1;5,986902407;0,943820225;PP;PP;445;420;VERDADEIRO;;;;;;;;;;
5540;25540;senado;55;Fernando Bezerra Coelho;MDB;PE;Titular;1;6,075929985;0,802631579;MDB;MDB;76;61;VERDADEIRO;;;;;;;;;;
214445;1214445;camara;56;Nilson F. Stainsack;PP;SC;Suplente;0;6,149383727;0,912087912;PP;PP;91;83;VERDADEIRO;;;;;;;;;;
285;2285;senado;56;Marcio Bittar;MDB;AC;Titular;1;6,26635623;0,847222222;MDB;MDB;72;61;VERDADEIRO;;;;;;;;;;
5942;25942;senado;56;Marcos do Val;PODEMOS;ES;Titular;1;-0,476041729;0,8;CIDADANIA;PODEMOS;5;4;;;;;;;;;;;
3806;23806;senado;56;Zequinha Marinho;PSC;PA;Titular;1;6,28031108;1;PSC;PSC;67;67;FALSO;;;;;;;;;;
92346;192346;camara;55;Eduardo Bolsonaro;PSL;SP;Titular;1;6,339917875;0,892339545;PSL;PSL;483;431;VERDADEIRO;;;;;;;;;;
178861;1178861;camara;55;Ronaldo Carletto;PP;BA;Titular;1;6,396699044;0,95112782;PP;PP;532;506;VERDADEIRO;;;;;;;;;;
6295;26295;senado;56;Carlos Fávaro;PSD;MT;Titular;1;6,482399436;0,875;PSD;PSD;48;42;VERDADEIRO;;;;;;;;;;
204462;1204462;camara;56;Chris Tonietto;PSL;RJ;Titular;1;6,493629278;0,873893805;PSL;PSL;452;395;VERDADEIRO;;;;;;;;;;
204458;1204458;camara;56;Major Fabiana;PSL;RJ;Titular;1;6,510161556;0,901746725;PSL;PSL;458;413;VERDADEIRO;;;;;;;;;;
5979;25979;senado;56;Leila Barros;PSB;DF;Titular;1;-6,494966537;1;PSB;PSB;73;73;FALSO;;;;;;;;;;
160591;1160591;camara;54;Vinicius Gurgel;PL;AP;Titular;1;6,602914581;0,964285714;PL;PL;224;216;VERDADEIRO;;;;;;;;;;
204444;1204444;camara;56;Helio Lopes;PSL;RJ;Titular;1;6,634628461;0,895716946;PSL;PSL;537;481;VERDADEIRO;;;;;;;;;;
121948;1121948;camara;56;Adriano Do Baldy;PP;GO;Titular;1;6,668035123;0,943493151;PP;PP;584;551;VERDADEIRO;;;;;;;;;;
178831;1178831;camara;55;André Abdon;PP;AP;Titular;1;6,908829169;0,955156951;PP;PP;446;426;VERDADEIRO;;;;;;;;;;
204374;1204374;camara;56;Bia Kicis;PSL;DF;Titular;1;7,744058081;0,903846154;PSL;PSL;520;470;VERDADEIRO;;;;;;;;;;
178862;1178862;camara;55;Tia Eron;REPUBLICANOS;BA;Suplente;1;7,785336907;1;REPUBLICANOS;REPUBLICANOS;27;27;VERDADEIRO;;;;;;;;;;
215042;1215042;camara;56;Ricardo Da Karol;PSC;RJ;Efetivado;1;8,004284483;0,982758621;PSC;PSC;58;57;VERDADEIRO;;;;;;;;;;
214694;1214694;camara;56;Jorge Goetten;PL;SC;Suplente;0;8,016684664;0,965116279;PL;PL;86;83;VERDADEIRO;;;;;;;;;;
212625;1212625;camara;56;Dr. Gonçalo;REPUBLICANOS;MA;Suplente;1;9,005006913;0,694444444;REPUBLICANOS;REPUBLICANOS;72;50;VERDADEIRO;;;;;;;;;;
212625;1212625;camara;56;Dr. Gonçalo;REPUBLICANOS;MA;Suplente;1;9,005006913;0;AVANTE;REPUBLICANOS;14;0;;;;;;;;;;;
742;2742;senado;56;Marcelo Castro;MDB;PI;Titular;1;1,617047225;0,909090909;MDB;MDB;77;70;VERDADEIRO;;;;;;;;;;
751;2751;senado;56;Arolde de Oliveira;PSD;RJ;Titular;0;2,563875861;0,796296296;PSD;PSD;54;43;VERDADEIRO;;;;;;;;;;
178901;1178901;camara;55;Tereza Cristina;DEM;MS;Titular;0;10;1;DEM;DEM;31;31;VERDADEIRO;;;;;;;;;;
739;2739;senado;54;Ciro Nogueira;PP;PI;Titular;1;10;0,929577465;PP;PP;71;66;VERDADEIRO;;;;;;;;;;
945;2945;senado;51;Alvaro Dias;PODEMOS;PR;Titular;1;-5,812512296;0,774647887;PODEMOS;PODEMOS;71;55;VERDADEIRO;;;;;;;;;;
;;;;;;;;;;;;;;;;;;;;;;;;;
;;;;;;;;;;;;;;;;;;;;;;;;;
;;;;;;;;;;;;;;;;;;;;;;;;;
;;;;;;;;;;;;;;;;;;;;;;;;;
;;;;;;;;;;;;;;;;;;;;;;;;;
;;;;;;;;;;;;;;;;;;;;;;;;;
;;;;;;;;;;;;;;;;;;;;;;;;;
;;;;;;;;;;;;;;;;;;;;;;;;;
;;;;;;;;;;;;;;;;;;;;;;;;;
;;;;;;;;;;;;;;;;;;;;;;;;;
;;;;;;;;;;;;;;;;;;;;;;;;;
;;;;;;;;;;;;;;;;;;;;;;;;;
;;;;;;;;;;;;;;;;;;;;;;;;;
;;;;;;;;;;;;;;;;;;;;;;;;;
;;;;;;;;;;;;;;;;;;;;;;;;;
;;;;;;;;;;;;;;;;;;;;;;;;;
;;;;;;;;;;;;;;;;;;;;;;;;;
;;;;;;;;;;;;;;;;;;;;;;;;;
;;;;;;;;;;;;;;;;;;;;;;;;;
;;;;;;;;;;;;;;;;;;;;;;;;;
;;;;;;;;;;;;;;;;;;;;;;;;;
;;;;;;;;;;;;;;;;;;;;;;;;;
;;;;;;;;;;;;;;;;;;;;;;;;;
;;;;;;;;;;;;;;;;;;;;;;;;;
;;;;;;;;;;;;;;;;;;;;;;;;;
;;;;;;;;;;;;;;;;;;;;;;;;;
;;;;;;;;;;;;;;;;;;;;;;;;;
;;;;;;;;;;;;;;;;;;;;;;;;;
;;;;;;;;;;;;;;;;;;;;;;;;;
;;;;;;;;;;;;;;;;;;;;;;;;;
;;;;;;;;;;;;;;;;;;;;;;;;;
;;;;;;;;;;;;;;;;;;;;;;;;;
;;;;;;;;;;;;;;;;;;;;;;;;;
;;;;;;;;;;;;;;;;;;;;;;;;;
;;;;;;;;;;;;;;;;;;;;;;;;;
;;;;;;;;;;;;;;;;;;;;;;;;;
;;;;;;;;;;;;;;;;;;;;;;;;;
;;;;;;;;;;;;;;;;;;;;;;;;;
;;;;;;;;;;;;;;;;;;;;;;;;;
;;;;;;;;;;;;;;;;;;;;;;;;;
;;;;;;;;;;;;;;;;;;;;;;;;;
;;;;;;;;;;;;;;;;;;;;;;;;;
;;;;;;;;;;;;;;;;;;;;;;;;;
;;;;;;;;;;;;;;;;;;;;;;;;;
;;;;;;;;;;;;;;;;;;;;;;;;;
;;;;;;;;;;;;;;;;;;;;;;;;;
;;;;;;;;;;;;;;;;;;;;;;;;;
;;;;;;;;;;;;;;;;;;;;;;;;;
;;;;;;;;;;;;;;;;;;;;;;;;;
;;;;;;;;;;;;;;;;;;;;;;;;;
;;;;;;;;;;;;;;;;;;;;;;;;;
;;;;;;;;;;;;;;;;;;;;;;;;;
;;;;;;;;;;;;;;;;;;;;;;;;;
;;;;;;;;;;;;;;;;;;;;;;;;;
;;;;;;;;;;;;;;;;;;;;;;;;;
;;;;;;;;;;;;;;;;;;;;;;;;;
;;;;;;;;;;;;;;;;;;;;;;;;;
;;;;;;;;;;;;;;;;;;;;;;;;;
;;;;;;;;;;;;;;;;;;;;;;;;;
;;;;;;;;;;;;;;;;;;;;;;;;;
;;;;;;;;;;;;;;;;;;;;;;;;;
;;;;;;;;;;;;;;;;;;;;;;;;;
;;;;;;;;;;;;;;;;;;;;;;;;;
;;;;;;;;;;;;;;;;;;;;;;;;;
;;;;;;;;;;;;;;;;;;;;;;;;;
;;;;;;;;;;;;;;;;;;;;;;;;;
;;;;;;;;;;;;;;;;;;;;;;;;;
;;;;;;;;;;;;;;;;;;;;;;;;;
;;;;;;;;;;;;;;;;;;;;;;;;;
;;;;;;;;;;;;;;;;;;;;;;;;;
;;;;;;;;;;;;;;;;;;;;;;;;;
;;;;;;;;;;;;;;;;;;;;;;;;;
;;;;;;;;;;;;;;;;;;;;;;;;;
;;;;;;;;;;;;;;;;;;;;;;;;;
;;;;;;;;;;;;;;;;;;;;;;;;;
;;;;;;;;;;;;;;;;;;;;;;;;;
;;;;;;;;;;;;;;;;;;;;;;;;;
;;;;;;;;;;;;;;;;;;;;;;;;;
;;;;;;;;;;;;;;;;;;;;;;;;;
;;;;;;;;;;;;;;;;;;;;;;;;;
;;;;;;;;;;;;;;;;;;;;;;;;;
;;;;;;;;;;;;;;;;;;;;;;;;;
;;;;;;;;;;;;;;;;;;;;;;;;;
;;;;;;;;;;;;;;;;;;;;;;;;;
;;;;;;;;;;;;;;;;;;;;;;;;;
;;;;;;;;;;;;;;;;;;;;;;;;;
;;;;;;;;;;;;;;;;;;;;;;;;;
;;;;;;;;;;;;;;;;;;;;;;;;;
;;;;;;;;;;;;;;;;;;;;;;;;;
;;;;;;;;;;;;;;;;;;;;;;;;;
;;;;;;;;;;;;;;;;;;;;;;;;;
;;;;;;;;;;;;;;;;;;;;;;;;;
;;;;;;;;;;;;;;;;;;;;;;;;;
;;;;;;;;;;;;;;;;;;;;;;;;;
;;;;;;;;;;;;;;;;;;;;;;;;;
;;;;;;;;;;;;;;;;;;;;;;;;;
;;;;;;;;;;;;;;;;;;;;;;;;;
;;;;;;;;;;;;;;;;;;;;;;;;;
;;;;;;;;;;;;;;;;;;;;;;;;;
;;;;;;;;;;;;;;;;;;;;;;;;;
;;;;;;;;;;;;;;;;;;;;;;;;;
;;;;;;;;;;;;;;;;;;;;;;;;;
;;;;;;;;;;;;;;;;;;;;;;;;;
;;;;;;;;;;;;;;;;;;;;;;;;;
;;;;;;;;;;;;;;;;;;;;;;;;;
;;;;;;;;;;;;;;;;;;;;;;;;;
;;;;;;;;;;;;;;;;;;;;;;;;;
;;;;;;;;;;;;;;;;;;;;;;;;;
;;;;;;;;;;;;;;;;;;;;;;;;;
;;;;;;;;;;;;;;;;;;;;;;;;;
;;;;;;;;;;;;;;;;;;;;;;;;;
;;;;;;;;;;;;;;;;;;;;;;;;;
;;;;;;;;;;;;;;;;;;;;;;;;;
;;;;;;;;;;;;;;;;;;;;;;;;;
;;;;;;;;;;;;;;;;;;;;;;;;;
;;;;;;;;;;;;;;;;;;;;;;;;;
;;;;;;;;;;;;;;;;;;;;;;;;;
;;;;;;;;;;;;;;;;;;;;;;;;;
;;;;;;;;;;;;;;;;;;;;;;;;;
;;;;;;;;;;;;;;;;;;;;;;;;;
;;;;;;;;;;;;;;;;;;;;;;;;;
;;;;;;;;;;;;;;;;;;;;;;;;;
;;;;;;;;;;;;;;;;;;;;;;;;;
;;;;;;;;;;;;;;;;;;;;;;;;;
;;;;;;;;;;;;;;;;;;;;;;;;;
;;;;;;;;;;;;;;;;;;;;;;;;;
;;;;;;;;;;;;;;;;;;;;;;;;;
;;;;;;;;;;;;;;;;;;;;;;;;;
;;;;;;;;;;;;;;;;;;;;;;;;;
;;;;;;;;;;;;;;;;;;;;;;;;;
;;;;;;;;;;;;;;;;;;;;;;;;;
;;;;;;;;;;;;;;;;;;;;;;;;;
;;;;;;;;;;;;;;;;;;;;;;;;;
;;;;;;;;;;;;;;;;;;;;;;;;;
;;;;;;;;;;;;;;;;;;;;;;;;;
;;;;;;;;;;;;;;;;;;;;;;;;;
;;;;;;;;;;;;;;;;;;;;;;;;;
;;;;;;;;;;;;;;;;;;;;;;;;;
;;;;;;;;;;;;;;;;;;;;;;;;;
;;;;;;;;;;;;;;;;;;;;;;;;;
;;;;;;;;;;;;;;;;;;;;;;;;;
;;;;;;;;;;;;;;;;;;;;;;;;;
;;;;;;;;;;;;;;;;;;;;;;;;;
;;;;;;;;;;;;;;;;;;;;;;;;;
;;;;;;;;;;;;;;;;;;;;;;;;;
;;;;;;;;;;;;;;;;;;;;;;;;;
;;;;;;;;;;;;;;;;;;;;;;;;;
;;;;;;;;;;;;;;;;;;;;;;;;;
;;;;;;;;;;;;;;;;;;;;;;;;;
;;;;;;;;;;;;;;;;;;;;;;;;;
;;;;;;;;;;;;;;;;;;;;;;;;;
;;;;;;;;;;;;;;;;;;;;;;;;;
;;;;;;;;;;;;;;;;;;;;;;;;;
;;;;;;;;;;;;;;;;;;;;;;;;;
;;;;;;;;;;;;;;;;;;;;;;;;;
;;;;;;;;;;;;;;;;;;;;;;;;;
;;;;;;;;;;;;;;;;;;;;;;;;;
;;;;;;;;;;;;;;;;;;;;;;;;;
;;;;;;;;;;;;;;;;;;;;;;;;;
;;;;;;;;;;;;;;;;;;;;;;;;;
;;;;;;;;;;;;;;;;;;;;;;;;;
;;;;;;;;;;;;;;;;;;;;;;;;;
;;;;;;;;;;;;;;;;;;;;;;;;;
;;;;;;;;;;;;;;;;;;;;;;;;;
;;;;;;;;;;;;;;;;;;;;;;;;;
;;;;;;;;;;;;;;;;;;;;;;;;;
;;;;;;;;;;;;;;;;;;;;;;;;;
;;;;;;;;;;;;;;;;;;;;;;;;;
;;;;;;;;;;;;;;;;;;;;;;;;;
;;;;;;;;;;;;;;;;;;;;;;;;;
;;;;;;;;;;;;;;;;;;;;;;;;;
;;;;;;;;;;;;;;;;;;;;;;;;;
;;;;;;;;;;;;;;;;;;;;;;;;;
;;;;;;;;;;;;;;;;;;;;;;;;;
;;;;;;;;;;;;;;;;;;;;;;;;;
;;;;;;;;;;;;;;;;;;;;;;;;;
;;;;;;;;;;;;;;;;;;;;;;;;;
;;;;;;;;;;;;;;;;;;;;;;;;;
;;;;;;;;;;;;;;;;;;;;;;;;;
;;;;;;;;;;;;;;;;;;;;;;;;;
;;;;;;;;;;;;;;;;;;;;;;;;;
;;;;;;;;;;;;;;;;;;;;;;;;;
;;;;;;;;;;;;;;;;;;;;;;;;;
;;;;;;;;;;;;;;;;;;;;;;;;;
;;;;;;;;;;;;;;;;;;;;;;;;;
;;;;;;;;;;;;;;;;;;;;;;;;;
;;;;;;;;;;;;;;;;;;;;;;;;;
;;;;;;;;;;;;;;;;;;;;;;;;;
;;;;;;;;;;;;;;;;;;;;;;;;;
;;;;;;;;;;;;;;;;;;;;;;;;;
;;;;;;;;;;;;;;;;;;;;;;;;;
;;;;;;;;;;;;;;;;;;;;;;;;;
;;;;;;;;;;;;;;;;;;;;;;;;;
;;;;;;;;;;;;;;;;;;;;;;;;;
;;;;;;;;;;;;;;;;;;;;;;;;;
;;;;;;;;;;;;;;;;;;;;;;;;;
;;;;;;;;;;;;;;;;;;;;;;;;;
;;;;;;;;;;;;;;;;;;;;;;;;;
;;;;;;;;;;;;;;;;;;;;;;;;;
;;;;;;;;;;;;;;;;;;;;;;;;;
;;;;;;;;;;;;;;;;;;;;;;;;;
;;;;;;;;;;;;;;;;;;;;;;;;;
;;;;;;;;;;;;;;;;;;;;;;;;;
;;;;;;;;;;;;;;;;;;;;;;;;;
;;;;;;;;;;;;;;;;;;;;;;;;;
;;;;;;;;;;;;;;;;;;;;;;;;;
;;;;;;;;;;;;;;;;;;;;;;;;;
;;;;;;;;;;;;;;;;;;;;;;;;;
;;;;;;;;;;;;;;;;;;;;;;;;;
;;;;;;;;;;;;;;;;;;;;;;;;;
;;;;;;;;;;;;;;;;;;;;;;;;;
;;;;;;;;;;;;;;;;;;;;;;;;;
;;;;;;;;;;;;;;;;;;;;;;;;;
;;;;;;;;;;;;;;;;;;;;;;;;;
;;;;;;;;;;;;;;;;;;;;;;;;;
;;;;;;;;;;;;;;;;;;;;;;;;;
;;;;;;;;;;;;;;;;;;;;;;;;;
;;;;;;;;;;;;;;;;;;;;;;;;;
;;;;;;;;;;;;;;;;;;;;;;;;;
;;;;;;;;;;;;;;;;;;;;;;;;;
;;;;;;;;;;;;;;;;;;;;;;;;;
;;;;;;;;;;;;;;;;;;;;;;;;;
;;;;;;;;;;;;;;;;;;;;;;;;;
;;;;;;;;;;;;;;;;;;;;;;;;;
;;;;;;;;;;;;;;;;;;;;;;;;;
;;;;;;;;;;;;;;;;;;;;;;;;;
;;;;;;;;;;;;;;;;;;;;;;;;;
;;;;;;;;;;;;;;;;;;;;;;;;;
;;;;;;;;;;;;;;;;;;;;;;;;;
;;;;;;;;;;;;;;;;;;;;;;;;;
;;;;;;;;;;;;;;;;;;;;;;;;;
;;;;;;;;;;;;;;;;;;;;;;;;;
;;;;;;;;;;;;;;;;;;;;;;;;;
;;;;;;;;;;;;;;;;;;;;;;;;;
;;;;;;;;;;;;;;;;;;;;;;;;;
;;;;;;;;;;;;;;;;;;;;;;;;;
;;;;;;;;;;;;;;;;;;;;;;;;;
;;;;;;;;;;;;;;;;;;;;;;;;;
;;;;;;;;;;;;;;;;;;;;;;;;;
;;;;;;;;;;;;;;;;;;;;;;;;;
;;;;;;;;;;;;;;;;;;;;;;;;;
;;;;;;;;;;;;;;;;;;;;;;;;;
;;;;;;;;;;;;;;;;;;;;;;;;;
;;;;;;;;;;;;;;;;;;;;;;;;;
;;;;;;;;;;;;;;;;;;;;;;;;;
;;;;;;;;;;;;;;;;;;;;;;;;;
;;;;;;;;;;;;;;;;;;;;;;;;;
;;;;;;;;;;;;;;;;;;;;;;;;;
;;;;;;;;;;;;;;;;;;;;;;;;;
;;;;;;;;;;;;;;;;;;;;;;;;;
;;;;;;;;;;;;;;;;;;;;;;;;;
;;;;;;;;;;;;;;;;;;;;;;;;;
;;;;;;;;;;;;;;;;;;;;;;;;;
;;;;;;;;;;;;;;;;;;;;;;;;;
;;;;;;;;;;;;;;;;;;;;;;;;;
;;;;;;;;;;;;;;;;;;;;;;;;;
;;;;;;;;;;;;;;;;;;;;;;;;;
;;;;;;;;;;;;;;;;;;;;;;;;;
;;;;;;;;;;;;;;;;;;;;;;;;;
;;;;;;;;;;;;;;;;;;;;;;;;;
;;;;;;;;;;;;;;;;;;;;;;;;;
;;;;;;;;;;;;;;;;;;;;;;;;;
;;;;;;;;;;;;;;;;;;;;;;;;;
;;;;;;;;;;;;;;;;;;;;;;;;;
;;;;;;;;;;;;;;;;;;;;;;;;;
;;;;;;;;;;;;;;;;;;;;;;;;;
;;;;;;;;;;;;;;;;;;;;;;;;;
;;;;;;;;;;;;;;;;;;;;;;;;;
;;;;;;;;;;;;;;;;;;;;;;;;;
;;;;;;;;;;;;;;;;;;;;;;;;;
;;;;;;;;;;;;;;;;;;;;;;;;;
;;;;;;;;;;;;;;;;;;;;;;;;;
;;;;;;;;;;;;;;;;;;;;;;;;;
;;;;;;;;;;;;;;;;;;;;;;;;;
;;;;;;;;;;;;;;;;;;;;;;;;;
;;;;;;;;;;;;;;;;;;;;;;;;;
;;;;;;;;;;;;;;;;;;;;;;;;;
;;;;;;;;;;;;;;;;;;;;;;;;;
;;;;;;;;;;;;;;;;;;;;;;;;;
;;;;;;;;;;;;;;;;;;;;;;;;;
;;;;;;;;;;;;;;;;;;;;;;;;;
;;;;;;;;;;;;;;;;;;;;;;;;;
;;;;;;;;;;;;;;;;;;;;;;;;;
;;;;;;;;;;;;;;;;;;;;;;;;;
;;;;;;;;;;;;;;;;;;;;;;;;;
;;;;;;;;;;;;;;;;;;;;;;;;;
;;;;;;;;;;;;;;;;;;;;;;;;;
;;;;;;;;;;;;;;;;;;;;;;;;;
;;;;;;;;;;;;;;;;;;;;;;;;;
;;;;;;;;;;;;;;;;;;;;;;;;;
;;;;;;;;;;;;;;;;;;;;;;;;;
;;;;;;;;;;;;;;;;;;;;;;;;;
;;;;;;;;;;;;;;;;;;;;;;;;;
;;;;;;;;;;;;;;;;;;;;;;;;;
;;;;;;;;;;;;;;;;;;;;;;;;;
;;;;;;;;;;;;;;;;;;;;;;;;;
;;;;;;;;;;;;;;;;;;;;;;;;;
;;;;;;;;;;;;;;;;;;;;;;;;;
;;;;;;;;;;;;;;;;;;;;;;;;;
;;;;;;;;;;;;;;;;;;;;;;;;;
;;;;;;;;;;;;;;;;;;;;;;;;;
;;;;;;;;;;;;;;;;;;;;;;;;;
;;;;;;;;;;;;;;;;;;;;;;;;;
;;;;;;;;;;;;;;;;;;;;;;;;;
;;;;;;;;;;;;;;;;;;;;;;;;;
;;;;;;;;;;;;;;;;;;;;;;;;;
;;;;;;;;;;;;;;;;;;;;;;;;;
;;;;;;;;;;;;;;;;;;;;;;;;;
;;;;;;;;;;;;;;;;;;;;;;;;;
;;;;;;;;;;;;;;;;;;;;;;;;;
;;;;;;;;;;;;;;;;;;;;;;;;;
;;;;;;;;;;;;;;;;;;;;;;;;;
;;;;;;;;;;;;;;;;;;;;;;;;;
;;;;;;;;;;;;;;;;;;;;;;;;;
;;;;;;;;;;;;;;;;;;;;;;;;;
;;;;;;;;;;;;;;;;;;;;;;;;;
;;;;;;;;;;;;;;;;;;;;;;;;;
;;;;;;;;;;;;;;;;;;;;;;;;;
;;;;;;;;;;;;;;;;;;;;;;;;;
;;;;;;;;;;;;;;;;;;;;;;;;;
;;;;;;;;;;;;;;;;;;;;;;;;;
;;;;;;;;;;;;;;;;;;;;;;;;;
;;;;;;;;;;;;;;;;;;;;;;;;;
;;;;;;;;;;;;;;;;;;;;;;;;;
;;;;;;;;;;;;;;;;;;;;;;;;;
;;;;;;;;;;;;;;;;;;;;;;;;;
;;;;;;;;;;;;;;;;;;;;;;;;;
;;;;;;;;;;;;;;;;;;;;;;;;;
;;;;;;;;;;;;;;;;;;;;;;;;;
;;;;;;;;;;;;;;;;;;;;;;;;;
;;;;;;;;;;;;;;;;;;;;;;;;;
;;;;;;;;;;;;;;;;;;;;;;;;;
;;;;;;;;;;;;;;;;;;;;;;;;;
;;;;;;;;;;;;;;;;;;;;;;;;;
;;;;;;;;;;;;;;;;;;;;;;;;;
;;;;;;;;;;;;;;;;;;;;;;;;;
;;;;;;;;;;;;;;;;;;;;;;;;;
;;;;;;;;;;;;;;;;;;;;;;;;;
;;;;;;;;;;;;;;;;;;;;;;;;;
;;;;;;;;;;;;;;;;;;;;;;;;;
;;;;;;;;;;;;;;;;;;;;;;;;;
;;;;;;;;;;;;;;;;;;;;;;;;;
;;;;;;;;;;;;;;;;;;;;;;;;;
;;;;;;;;;;;;;;;;;;;;;;;;;
;;;;;;;;;;;;;;;;;;;;;;;;;
;;;;;;;;;;;;;;;;;;;;;;;;;
;;;;;;;;;;;;;;;;;;;;;;;;;
;;;;;;;;;;;;;;;;;;;;;;;;;
;;;;;;;;;;;;;;;;;;;;;;;;;
;;;;;;;;;;;;;;;;;;;;;;;;;
;;;;;;;;;;;;;;;;;;;;;;;;;
;;;;;;;;;;;;;;;;;;;;;;;;;
;;;;;;;;;;;;;;;;;;;;;;;;;
;;;;;;;;;;;;;;;;;;;;;;;;;
;;;;;;;;;;;;;;;;;;;;;;;;;
;;;;;;;;;;;;;;;;;;;;;;;;;
;;;;;;;;;;;;;;;;;;;;;;;;;
;;;;;;;;;;;;;;;;;;;;;;;;;
;;;;;;;;;;;;;;;;;;;;;;;;;
;;;;;;;;;;;;;;;;;;;;;;;;;
;;;;;;;;;;;;;;;;;;;;;;;;;
;;;;;;;;;;;;;;;;;;;;;;;;;
;;;;;;;;;;;;;;;;;;;;;;;;;
;;;;;;;;;;;;;;;;;;;;;;;;;
;;;;;;;;;;;;;;;;;;;;;;;;;
;;;;;;;;;;;;;;;;;;;;;;;;;
;;;;;;;;;;;;;;;;;;;;;;;;;
;;;;;;;;;;;;;;;;;;;;;;;;;
;;;;;;;;;;;;;;;;;;;;;;;;;
;;;;;;;;;;;;;;;;;;;;;;;;;
;;;;;;;;;;;;;;;;;;;;;;;;;
;;;;;;;;;;;;;;;;;;;;;;;;;
;;;;;;;;;;;;;;;;;;;;;;;;;
;;;;;;;;;;;;;;;;;;;;;;;;;
;;;;;;;;;;;;;;;;;;;;;;;;;
;;;;;;;;;;;;;;;;;;;;;;;;;
;;;;;;;;;;;;;;;;;;;;;;;;;
;;;;;;;;;;;;;;;;;;;;;;;;;
;;;;;;;;;;;;;;;;;;;;;;;;;
;;;;;;;;;;;;;;;;;;;;;;;;;
;;;;;;;;;;;;;;;;;;;;;;;;;
;;;;;;;;;;;;;;;;;;;;;;;;;
;;;;;;;;;;;;;;;;;;;;;;;;;
;;;;;;;;;;;;;;;;;;;;;;;;;
;;;;;;;;;;;;;;;;;;;;;;;;;
;;;;;;;;;;;;;;;;;;;;;;;;;
;;;;;;;;;;;;;;;;;;;;;;;;;
;;;;;;;;;;;;;;;;;;;;;;;;;
;;;;;;;;;;;;;;;;;;;;;;;;;
;;;;;;;;;;;;;;;;;;;;;;;;;
;;;;;;;;;;;;;;;;;;;;;;;;;
;;;;;;;;;;;;;;;;;;;;;;;;;
;;;;;;;;;;;;;;;;;;;;;;;;;
;;;;;;;;;;;;;;;;;;;;;;;;;
;;;;;;;;;;;;;;;;;;;;;;;;;
;;;;;;;;;;;;;;;;;;;;;;;;;
;;;;;;;;;;;;;;;;;;;;;;;;;
;;;;;;;;;;;;;;;;;;;;;;;;;
;;;;;;;;;;;;;;;;;;;;;;;;;
;;;;;;;;;;;;;;;;;;;;;;;;;
;;;;;;;;;;;;;;;;;;;;;;;;;
;;;;;;;;;;;;;;;;;;;;;;;;;
;;;;;;;;;;;;;;;;;;;;;;;;;
;;;;;;;;;;;;;;;;;;;;;;;;;
;;;;;;;;;;;;;;;;;;;;;;;;;
;;;;;;;;;;;;;;;;;;;;;;;;;
;;;;;;;;;;;;;;;;;;;;;;;;;
;;;;;;;;;;;;;;;;;;;;;;;;;
;;;;;;;;;;;;;;;;;;;;;;;;;
;;;;;;;;;;;;;;;;;;;;;;;;;
;;;;;;;;;;;;;;;;;;;;;;;;;
;;;;;;;;;;;;;;;;;;;;;;;;;
;;;;;;;;;;;;;;;;;;;;;;;;;
;;;;;;;;;;;;;;;;;;;;;;;;;
;;;;;;;;;;;;;;;;;;;;;;;;;
;;;;;;;;;;;;;;;;;;;;;;;;;
;;;;;;;;;;;;;;;;;;;;;;;;;
;;;;;;;;;;;;;;;;;;;;;;;;;
;;;;;;;;;;;;;;;;;;;;;;;;;
;;;;;;;;;;;;;;;;;;;;;;;;;
;;;;;;;;;;;;;;;;;;;;;;;;;
;;;;;;;;;;;;;;;;;;;;;;;;;
;;;;;;;;;;;;;;;;;;;;;;;;;
;;;;;;;;;;;;;;;;;;;;;;;;;
;;;;;;;;;;;;;;;;;;;;;;;;;
;;;;;;;;;;;;;;;;;;;;;;;;;
;;;;;;;;;;;;;;;;;;;;;;;;;
;;;;;;;;;;;;;;;;;;;;;;;;;
;;;;;;;;;;;;;;;;;;;;;;;;;
;;;;;;;;;;;;;;;;;;;;;;;;;
;;;;;;;;;;;;;;;;;;;;;;;;;
;;;;;;;;;;;;;;;;;;;;;;;;;
;;;;;;;;;;;;;;;;;;;;;;;;;
;;;;;;;;;;;;;;;;;;;;;;;;;
;;;;;;;;;;;;;;;;;;;;;;;;;
;;;;;;;;;;;;;;;;;;;;;;;;;
;;;;;;;;;;;;;;;;;;;;;;;;;
;;;;;;;;;;;;;;;;;;;;;;;;;
;;;;;;;;;;;;;;;;;;;;;;;;;
;;;;;;;;;;;;;;;;;;;;;;;;;
;;;;;;;;;;;;;;;;;;;;;;;;;
;;;;;;;;;;;;;;;;;;;;;;;;;
;;;;;;;;;;;;;;;;;;;;;;;;;
;;;;;;;;;;;;;;;;;;;;;;;;;
;;;;;;;;;;;;;;;;;;;;;;;;;
;;;;;;;;;;;;;;;;;;;;;;;;;
;;;;;;;;;;;;;;;;;;;;;;;;;
;;;;;;;;;;;;;;;;;;;;;;;;;
;;;;;;;;;;;;;;;;;;;;;;;;;
;;;;;;;;;;;;;;;;;;;;;;;;;
;;;;;;;;;;;;;;;;;;;;;;;;;
;;;;;;;;;;;;;;;;;;;;;;;;;
;;;;;;;;;;;;;;;;;;;;;;;;;
;;;;;;;;;;;;;;;;;;;;;;;;;
;;;;;;;;;;;;;;;;;;;;;;;;;
;;;;;;;;;;;;;;;;;;;;;;;;;
;;;;;;;;;;;;;;;;;;;;;;;;;
;;;;;;;;;;;;;;;;;;;;;;;;;
;;;;;;;;;;;;;;;;;;;;;;;;;
;;;;;;;;;;;;;;;;;;;;;;;;;
;;;;;;;;;;;;;;;;;;;;;;;;;
;;;;;;;;;;;;;;;;;;;;;;;;;
;;;;;;;;;;;;;;;;;;;;;;;;;
;;;;;;;;;;;;;;;;;;;;;;;;;
;;;;;;;;;;;;;;;;;;;;;;;;;
;;;;;;;;;;;;;;;;;;;;;;;;;
;;;;;;;;;;;;;;;;;;;;;;;;;
;;;;;;;;;;;;;;;;;;;;;;;;;
;;;;;;;;;;;;;;;;;;;;;;;;;
;;;;;;;;;;;;;;;;;;;;;;;;;
;;;;;;;;;;;;;;;;;;;;;;;;;
;;;;;;;;;;;;;;;;;;;;;;;;;
;;;;;;;;;;;;;;;;;;;;;;;;;
;;;;;;;;;;;;;;;;;;;;;;;;;
;;;;;;;;;;;;;;;;;;;;;;;;;
;;;;;;;;;;;;;;;;;;;;;;;;;
;;;;;;;;;;;;;;;;;;;;;;;;;
;;;;;;;;;;;;;;;;;;;;;;;;;
;;;;;;;;;;;;;;;;;;;;;;;;;
;;;;;;;;;;;;;;;;;;;;;;;;;
;;;;;;;;;;;;;;;;;;;;;;;;;
;;;;;;;;;;;;;;;;;;;;;;;;;
;;;;;;;;;;;;;;;;;;;;;;;;;
;;;;;;;;;;;;;;;;;;;;;;;;;
;;;;;;;;;;;;;;;;;;;;;;;;;
;;;;;;;;;;;;;;;;;;;;;;;;;
;;;;;;;;;;;;;;;;;;;;;;;;;
;;;;;;;;;;;;;;;;;;;;;;;;;
;;;;;;;;;;;;;;;;;;;;;;;;;
;;;;;;;;;;;;;;;;;;;;;;;;;
;;;;;;;;;;;;;;;;;;;;;;;;;
;;;;;;;;;;;;;;;;;;;;;;;;;
;;;;;;;;;;;;;;;;;;;;;;;;;
;;;;;;;;;;;;;;;;;;;;;;;;;
;;;;;;;;;;;;;;;;;;;;;;;;;
;;;;;;;;;;;;;;;;;;;;;;;;;
;;;;;;;;;;;;;;;;;;;;;;;;;
;;;;;;;;;;;;;;;;;;;;;;;;;
;;;;;;;;;;;;;;;;;;;;;;;;;
;;;;;;;;;;;;;;;;;;;;;;;;;
;;;;;;;;;;;;;;;;;;;;;;;;;
;;;;;;;;;;;;;;;;;;;;;;;;;
;;;;;;;;;;;;;;;;;;;;;;;;;
;;;;;;;;;;;;;;;;;;;;;;;;;
;;;;;;;;;;;;;;;;;;;;;;;;;
;;;;;;;;;;;;;;;;;;;;;;;;;
;;;;;;;;;;;;;;;;;;;;;;;;;
;;;;;;;;;;;;;;;;;;;;;;;;;
;;;;;;;;;;;;;;;;;;;;;;;;;
;;;;;;;;;;;;;;;;;;;;;;;;;
;;;;;;;;;;;;;;;;;;;;;;;;;
;;;;;;;;;;;;;;;;;;;;;;;;;
;;;;;;;;;;;;;;;;;;;;;;;;;
;;;;;;;;;;;;;;;;;;;;;;;;;
;;;;;;;;;;;;;;;;;;;;;;;;;
;;;;;;;;;;;;;;;;;;;;;;;;;
;;;;;;;;;;;;;;;;;;;;;;;;;
;;;;;;;;;;;;;;;;;;;;;;;;;
;;;;;;;;;;;;;;;;;;;;;;;;;
;;;;;;;;;;;;;;;;;;;;;;;;;
;;;;;;;;;;;;;;;;;;;;;;;;;
;;;;;;;;;;;;;;;;;;;;;;;;;
;;;;;;;;;;;;;;;;;;;;;;;;;
;;;;;;;;;;;;;;;;;;;;;;;;;
;;;;;;;;;;;;;;;;;;;;;;;;;
;;;;;;;;;;;;;;;;;;;;;;;;;
;;;;;;;;;;;;;;;;;;;;;;;;;
;;;;;;;;;;;;;;;;;;;;;;;;;
;;;;;;;;;;;;;;;;;;;;;;;;;
;;;;;;;;;;;;;;;;;;;;;;;;;
;;;;;;;;;;;;;;;;;;;;;;;;;
;;;;;;;;;;;;;;;;;;;;;;;;;
;;;;;;;;;;;;;;;;;;;;;;;;;
;;;;;;;;;;;;;;;;;;;;;;;;;
;;;;;;;;;;;;;;;;;;;;;;;;;
;;;;;;;;;;;;;;;;;;;;;;;;;
;;;;;;;;;;;;;;;;;;;;;;;;;
;;;;;;;;;;;;;;;;;;;;;;;;;
;;;;;;;;;;;;;;;;;;;;;;;;;
;;;;;;;;;;;;;;;;;;;;;;;;;
;;;;;;;;;;;;;;;;;;;;;;;;;
;;;;;;;;;;;;;;;;;;;;;;;;;
;;;;;;;;;;;;;;;;;;;;;;;;;
;;;;;;;;;;;;;;;;;;;;;;;;;
;;;;;;;;;;;;;;;;;;;;;;;;;
;;;;;;;;;;;;;;;;;;;;;;;;;
;;;;;;;;;;;;;;;;;;;;;;;;;
;;;;;;;;;;;;;;;;;;;;;;;;;
;;;;;;;;;;;;;;;;;;;;;;;;;
;;;;;;;;;;;;;;;;;;;;;;;;;
;;;;;;;;;;;;;;;;;;;;;;;;;
;;;;;;;;;;;;;;;;;;;;;;;;;
;;;;;;;;;;;;;;;;;;;;;;;;;
;;;;;;;;;;;;;;;;;;;;;;;;;
;;;;;;;;;;;;;;;;;;;;;;;;;
;;;;;;;;;;;;;;;;;;;;;;;;;
;;;;;;;;;;;;;;;;;;;;;;;;;
;;;;;;;;;;;;;;;;;;;;;;;;;
;;;;;;;;;;;;;;;;;;;;;;;;;
;;;;;;;;;;;;;;;;;;;;;;;;;
;;;;;;;;;;;;;;;;;;;;;;;;;
;;;;;;;;;;;;;;;;;;;;;;;;;
;;;;;;;;;;;;;;;;;;;;;;;;;
;;;;;;;;;;;;;;;;;;;;;;;;;
;;;;;;;;;;;;;;;;;;;;;;;;;
;;;;;;;;;;;;;;;;;;;;;;;;;
;;;;;;;;;;;;;;;;;;;;;;;;;
;;;;;;;;;;;;;;;;;;;;;;;;;
;;;;;;;;;;;;;;;;;;;;;;;;;
;;;;;;;;;;;;;;;;;;;;;;;;;
;;;;;;;;;;;;;;;;;;;;;;;;;
;;;;;;;;;;;;;;;;;;;;;;;;;
;;;;;;;;;;;;;;;;;;;;;;;;;
;;;;;;;;;;;;;;;;;;;;;;;;;
;;;;;;;;;;;;;;;;;;;;;;;;;
;;;;;;;;;;;;;;;;;;;;;;;;;
;;;;;;;;;;;;;;;;;;;;;;;;;
;;;;;;;;;;;;;;;;;;;;;;;;;
;;;;;;;;;;;;;;;;;;;;;;;;;
;;;;;;;;;;;;;;;;;;;;;;;;;
;;;;;;;;;;;;;;;;;;;;;;;;;
;;;;;;;;;;;;;;;;;;;;;;;;;
;;;;;;;;;;;;;;;;;;;;;;;;;
;;;;;;;;;;;;;;;;;;;;;;;;;
;;;;;;;;;;;;;;;;;;;;;;;;;
;;;;;;;;;;;;;;;;;;;;;;;;;
;;;;;;;;;;;;;;;;;;;;;;;;;
;;;;;;;;;;;;;;;;;;;;;;;;;
;;;;;;;;;;;;;;;;;;;;;;;;;
;;;;;;;;;;;;;;;;;;;;;;;;;
;;;;;;;;;;;;;;;;;;;;;;;;;
;;;;;;;;;;;;;;;;;;;;;;;;;
;;;;;;;;;;;;;;;;;;;;;;;;;
;;;;;;;;;;;;;;;;;;;;;;;;;
;;;;;;;;;;;;;;;;;;;;;;;;;
;;;;;;;;;;;;;;;;;;;;;;;;;
;;;;;;;;;;;;;;;;;;;;;;;;;
;;;;;;;;;;;;;;;;;;;;;;;;;
;;;;;;;;;;;;;;;;;;;;;;;;;
;;;;;;;;;;;;;;;;;;;;;;;;;
;;;;;;;;;;;;;;;;;;;;;;;;;
;;;;;;;;;;;;;;;;;;;;;;;;;
;;;;;;;;;;;;;;;;;;;;;;;;;
;;;;;;;;;;;;;;;;;;;;;;;;;
;;;;;;;;;;;;;;;;;;;;;;;;;
;;;;;;;;;;;;;;;;;;;;;;;;;
;;;;;;;;;;;;;;;;;;;;;;;;;
;;;;;;;;;;;;;;;;;;;;;;;;;
;;;;;;;;;;;;;;;;;;;;;;;;;
;;;;;;;;;;;;;;;;;;;;;;;;;
;;;;;;;;;;;;;;;;;;;;;;;;;
;;;;;;;;;;;;;;;;;;;;;;;;;
;;;;;;;;;;;;;;;;;;;;;;;;;
;;;;;;;;;;;;;;;;;;;;;;;;;
;;;;;;;;;;;;;;;;;;;;;;;;;
;;;;;;;;;;;;;;;;;;;;;;;;;
;;;;;;;;;;;;;;;;;;;;;;;;;
;;;;;;;;;;;;;;;;;;;;;;;;;
;;;;;;;;;;;;;;;;;;;;;;;;;
;;;;;;;;;;;;;;;;;;;;;;;;;
;;;;;;;;;;;;;;;;;;;;;;;;;
;;;;;;;;;;;;;;;;;;;;;;;;;
;;;;;;;;;;;;;;;;;;;;;;;;;
;;;;;;;;;;;;;;;;;;;;;;;;;
;;;;;;;;;;;;;;;;;;;;;;;;;
;;;;;;;;;;;;;;;;;;;;;;;;;
;;;;;;;;;;;;;;;;;;;;;;;;;
;;;;;;;;;;;;;;;;;;;;;;;;;
;;;;;;;;;;;;;;;;;;;;;;;;;
;;;;;;;;;;;;;;;;;;;;;;;;;
;;;;;;;;;;;;;;;;;;;;;;;;;
;;;;;;;;;;;;;;;;;;;;;;;;;
;;;;;;;;;;;;;;;;;;;;;;;;;
;;;;;;;;;;;;;;;;;;;;;;;;;
;;;;;;;;;;;;;;;;;;;;;;;;;
;;;;;;;;;;;;;;;;;;;;;;;;;
;;;;;;;;;;;;;;;;;;;;;;;;;
;;;;;;;;;;;;;;;;;;;;;;;;;
;;;;;;;;;;;;;;;;;;;;;;;;;
;;;;;;;;;;;;;;;;;;;;;;;;;
;;;;;;;;;;;;;;;;;;;;;;;;;
;;;;;;;;;;;;;;;;;;;;;;;;;
;;;;;;;;;;;;;;;;;;;;;;;;;
;;;;;;;;;;;;;;;;;;;;;;;;;
;;;;;;;;;;;;;;;;;;;;;;;;;
;;;;;;;;;;;;;;;;;;;;;;;;;
;;;;;;;;;;;;;;;;;;;;;;;;;
;;;;;;;;;;;;;;;;;;;;;;;;;
;;;;;;;;;;;;;;;;;;;;;;;;;
;;;;;;;;;;;;;;;;;;;;;;;;;
;;;;;;;;;;;;;;;;;;;;;;;;;
;;;;;;;;;;;;;;;;;;;;;;;;;
;;;;;;;;;;;;;;;;;;;;;;;;;
;;;;;;;;;;;;;;;;;;;;;;;;;
;;;;;;;;;;;;;;;;;;;;;;;;;
;;;;;;;;;;;;;;;;;;;;;;;;;
;;;;;;;;;;;;;;;;;;;;;;;;;
;;;;;;;;;;;;;;;;;;;;;;;;;
;;;;;;;;;;;;;;;;;;;;;;;;;
;;;;;;;;;;;;;;;;;;;;;;;;;
;;;;;;;;;;;;;;;;;;;;;;;;;
;;;;;;;;;;;;;;;;;;;;;;;;;
;;;;;;;;;;;;;;;;;;;;;;;;;
;;;;;;;;;;;;;;;;;;;;;;;;;
;;;;;;;;;;;;;;;;;;;;;;;;;
;;;;;;;;;;;;;;;;;;;;;;;;;
